"","pairs","Df","SumsOfSqs","F.Model","R2","p.value","p.adjusted","sig"
"1","Battleship Promontory vs University Valley",1,1.03436815842249,1.45461916849069,0.0594823889289978,0.0915,0.198717948717949,""
"2","Battleship Promontory vs Mt. Elektra",1,2.75819186976065,3.73153276251916,0.117596990679467,1e-04,0.00413333333333333,"*"
"3","Battleship Promontory vs Linnaeus Terrace",1,1.92479977575935,2.65354487165236,0.076573547712951,0.0018,0.0210566037735849,"."
"4","Battleship Promontory vs Mt. New Zealand",1,1.27801799402148,1.80325625265136,0.0866814421142141,0.0395,0.12245,""
"5","Battleship Promontory vs Trio Nunatak",1,3.06119720568272,4.51675646309091,0.170335933407913,1e-04,0.00413333333333333,"*"
"6","Battleship Promontory vs Pudding Butte",1,2.48049656199067,3.65348178216252,0.123205828205988,3e-04,0.00664285714285714,"*"
"7","Battleship Promontory vs Unnamed Nunatak",1,1.86017360067066,2.66450986433272,0.122989621321617,0.002,0.0221428571428571,"."
"8","Battleship Promontory vs Finger Mt.",1,2.12453286899648,3.05508692846705,0.108896006498098,7e-04,0.0117297297297297,"."
"9","Battleship Promontory vs Knobhead",1,0.509034745810372,0.715123884256603,0.0455054563695176,1,1,""
"10","Battleship Promontory vs Mt. Bowen",1,0.747451791697872,1.05006707886432,0.0654244666832023,0.3011,0.393216730038023,""
"11","Battleship Promontory vs Schultz Peak",1,0.830708186899077,1.15322775110299,0.0672309473083767,0.3403,0.399594696969697,""
"12","Battleship Promontory vs Archambault Ridge",1,0.960481294321101,1.38494076521878,0.0796632432587613,0.117,0.219818181818182,""
"13","Battleship Promontory vs Helliwell Hills",1,2.0078452593791,2.87375838294038,0.13137926883117,6e-04,0.0106285714285714,"."
"14","Battleship Promontory vs Mt. Keinath",1,1.22471133716066,1.72055117206025,0.102900386138901,0.1163,0.21916717325228,""
"15","Battleship Promontory vs Mt. Dickason",1,1.11389934309477,1.53536304092754,0.0785940367584099,0.0952,0.198717948717949,""
"16","Battleship Promontory vs Mt. Burrow",1,1.04409164174142,1.4352085669732,0.0823166847393991,0.0718,0.173744186046512,""
"17","Battleship Promontory vs Random Hills",1,1.49718669073444,2.03290847024025,0.106810184760721,0.0073,0.0449357798165138,"."
"18","Battleship Promontory vs Mt. McGee",1,1.61483893477343,2.28363268600762,0.124900380861145,0.0066,0.0449357798165138,"."
"19","Battleship Promontory vs Harrow Peak",1,1.23538494179874,1.73554612018635,0.10370418196828,0.1189,0.222042168674699,""
"20","Battleship Promontory vs Starr Nunatak",1,2.68451561432177,3.72382244440034,0.163873065524589,1e-04,0.00413333333333333,"*"
"21","Battleship Promontory vs Kay Island",1,2.1748061380663,3.06508859186979,0.152757291742621,8e-04,0.0124,"."
"22","Battleship Promontory vs Inexpressible Island",1,2.45850614720199,3.25353402161142,0.134146801810916,2e-04,0.00590476190476191,"*"
"23","Battleship Promontory vs Ricker Hills",1,2.22784815661974,3.50506102073127,0.149119418053833,0.0018,0.0210566037735849,"."
"24","Battleship Promontory vs Mt. Larsen",1,1.15923773480596,1.6931602801321,0.0956957521055959,0.0379,0.11808040201005,""
"25","Battleship Promontory vs Mt. Nansen",1,1.1713069386275,1.61030451852694,0.0865275749208642,0.0529,0.146044444444444,""
"26","Battleship Promontory vs Vegetation Island",1,1.64304492481207,2.21225109148478,0.109450999864967,0.0042,0.0356712328767123,"."
"27","Battleship Promontory vs Widowmaker Pass",1,1.51379882476808,2.19961191765426,0.108893771158634,0.0129,0.062,""
"28","Battleship Promontory vs Crater Circle",1,1.05832677501848,1.45293164960464,0.083248572719733,0.0868,0.194281588447653,""
"29","Battleship Promontory vs Mt. Billing",1,1.88362805494537,2.63808282343709,0.102897039595546,0.0075,0.0449357798165138,"."
"30","Battleship Promontory vs Anderson Ridge",1,1.30309753673457,1.92654982907087,0.107469080634058,0.0276,0.0945245901639344,""
"31","Battleship Promontory vs Siegfried Peak",1,1.82750298475599,2.52569363521869,0.117333902359659,0.0014,0.018468085106383,"."
"32","Battleship Promontory vs Convoy Range",1,1.01350620317445,1.40219884370594,0.0761973531323693,0.1542,0.267050279329609,""
"33","Battleship Promontory vs Dufayel Island",1,1.25428231591172,1.76209433460423,0.105123757176721,0.1212,0.225657657657658,""
"34","Battleship Promontory vs Machu Picchu Base",1,1.34313077611649,1.84816766434822,0.103549434267135,0.027,0.0935195530726257,""
"35","Battleship Promontory vs Richard Nunatak",1,0.860361383261342,1.21016806839183,0.0703170395305102,0.2601,0.37415777262181,""
"36","University Valley vs Mt. Elektra",1,1.88593632289403,2.52305004654014,0.107258626817029,0.0012,0.0169090909090909,"."
"37","University Valley vs Linnaeus Terrace",1,1.53230066978571,2.10336036093793,0.0776051505395378,0.0059,0.0436818181818182,"."
"38","University Valley vs Mt. New Zealand",1,0.793592192491872,1.1247923327516,0.0856998194131263,0.2901,0.393216730038023,""
"39","University Valley vs Trio Nunatak",1,2.34229799584748,3.54498015326246,0.191155780376439,2e-04,0.00590476190476191,"*"
"40","University Valley vs Pudding Butte",1,1.89977552596557,2.85270335349603,0.130542354753543,0.005,0.0402597402597403,"."
"41","University Valley vs Unnamed Nunatak",1,1.60625475244875,2.33207906793107,0.162717429681869,0.0103,0.052344262295082,""
"42","University Valley vs Finger Mt.",1,1.63287317530835,2.37299342415902,0.11647740588504,0.0069,0.0449357798165138,"."
"43","University Valley vs Knobhead",1,0.386493189881506,0.544556305636111,0.0637313730704675,1,1,""
"44","University Valley vs Mt. Bowen",1,0.705369886661557,0.993843176655051,0.110502613525076,0.5082,0.56064768683274,""
"45","University Valley vs Schultz Peak",1,0.756570561504242,1.04337819611971,0.103887175783425,0.3427,0.401652173913044,""
"46","University Valley vs Archambault Ridge",1,0.835737051241458,1.23366062427088,0.120549299958711,0.1989,0.300242130750605,""
"47","University Valley vs Helliwell Hills",1,1.62274409546314,2.35302852963252,0.163939514561305,9e-04,0.0132857142857143,"."
"48","University Valley vs Mt. Keinath",1,1.21428607356322,1.71088949434709,0.176182572702844,0.1011,0.200261980830671,""
"49","University Valley vs Mt. Dickason",1,0.892842237435339,1.21857365751181,0.0997312527360875,0.164,0.273356200527704,""
"50","University Valley vs Mt. Burrow",1,0.969953984994338,1.31460469362126,0.127450807148647,0.2029,0.303859903381642,""
"51","University Valley vs Random Hills",1,1.4549550539975,1.93457614986687,0.162098437814103,0.005,0.0402597402597403,"."
"52","University Valley vs Mt. McGee",1,1.56256754860667,2.22697494253821,0.198359304615561,0.017,0.0750985915492958,""
"53","University Valley vs Harrow Peak",1,1.20875767639909,1.70310016295756,0.17552123902207,0.1048,0.204327044025157,""
"54","University Valley vs Starr Nunatak",1,2.39016865476673,3.29758877524924,0.215562650016098,2e-04,0.00590476190476191,"*"
"55","University Valley vs Kay Island",1,2.02875297299575,2.87240219220848,0.223144223534836,0.0076,0.0449357798165138,"."
"56","University Valley vs Inexpressible Island",1,2.0777135297288,2.67618662508303,0.160479531996705,0.0015,0.0186,"."
"57","University Valley vs Ricker Hills",1,1.80824614548412,3.04777890245174,0.18991904867197,0.0044,0.0363733333333333,"."
"58","University Valley vs Mt. Larsen",1,1.03514330842527,1.56437914806891,0.148080556949233,0.0868,0.194281588447653,""
"59","University Valley vs Mt. Nansen",1,1.04292278924057,1.41581913821564,0.124022562119615,0.0947,0.198717948717949,""
"60","University Valley vs Vegetation Island",1,1.54175152829244,2.02635035393126,0.155557796226456,0.007,0.0449357798165138,"."
"61","University Valley vs Widowmaker Pass",1,1.31518927457698,1.95804648792009,0.1511066108418,0.0196,0.0769113924050633,""
"62","University Valley vs Crater Circle",1,0.968621963501668,1.3098844959448,0.127051325983334,0.2067,0.3080625,""
"63","University Valley vs Mt. Billing",1,1.35696758739349,1.90067483626494,0.106178948763114,0.0283,0.0947288006111535,""
"64","University Valley vs Anderson Ridge",1,1.11740986692758,1.72707979668297,0.161001859724864,0.0888,0.195928825622776,""
"65","University Valley vs Siegfried Peak",1,1.57347283731626,2.15828857076335,0.152439933680981,0.0019,0.0214181818181818,"."
"66","University Valley vs Convoy Range",1,0.790944829859122,1.08522859506225,0.0978986211926789,0.2873,0.393216730038023,""
"67","University Valley vs Dufayel Island",1,1.2302639138747,1.73340175050025,0.178087969132802,0.0995,0.198717948717949,""
"68","University Valley vs Machu Picchu Base",1,1.31487770608806,1.78530596057469,0.165531322625507,0.0183,0.0764,""
"69","University Valley vs Richard Nunatak",1,0.684880596330402,0.966766530521412,0.0969990144306947,0.4067,0.464372007366482,""
"70","Mt. Elektra vs Linnaeus Terrace",1,1.56288156834568,2.07886808750086,0.0648049077614077,0.0079,0.0449357798165138,"."
"71","Mt. Elektra vs Mt. New Zealand",1,1.48041607264745,1.96497260514616,0.103610621858371,0.0165,0.0750985915492958,""
"72","Mt. Elektra vs Trio Nunatak",1,3.54563108544375,4.97550325662898,0.199215335342978,1e-04,0.00413333333333333,"*"
"73","Mt. Elektra vs Pudding Butte",1,3.57800368668473,5.05294264725196,0.173921888347165,1e-04,0.00413333333333333,"*"
"74","Mt. Elektra vs Unnamed Nunatak",1,2.46594486058326,3.32535701862987,0.163606327582925,4e-04,0.008,"*"
"75","Mt. Elektra vs Finger Mt.",1,1.52415616468397,2.09572038469782,0.0835090745582139,0.0034,0.0324307692307692,"."
"76","Mt. Elektra vs Knobhead",1,0.833890956737654,1.08197866026134,0.0768342777932646,0.3269,0.393216730038023,""
"77","Mt. Elektra vs Mt. Bowen",1,1.03192947715278,1.33893486210958,0.0933775677890618,0.0716,0.173744186046512,""
"78","Mt. Elektra vs Schultz Peak",1,1.16988510599614,1.50711915701422,0.0971888551157819,0.0589,0.154084388185654,""
"79","Mt. Elektra vs Archambault Ridge",1,1.39558359363225,1.87177580216324,0.117931088839355,0.0247,0.0878628571428571,""
"80","Mt. Elektra vs Helliwell Hills",1,2.31387273669823,3.11768765622927,0.15497246549923,2e-04,0.00590476190476191,"*"
"81","Mt. Elektra vs Mt. Keinath",1,1.16009179217673,1.50522625642821,0.103771304895099,0.0671,0.168429149797571,""
"82","Mt. Elektra vs Mt. Dickason",1,1.6712309179711,2.15626303645491,0.118761390057275,0.0057,0.0436296296296296,"."
"83","Mt. Elektra vs Mt. Burrow",1,1.21691630660344,1.55137394417676,0.0997579988588518,0.0577,0.152229787234043,""
"84","Mt. Elektra vs Random Hills",1,1.44916911473702,1.83252039480752,0.108867855307801,0.0189,0.0764,""
"85","Mt. Elektra vs Mt. McGee",1,1.55545446880567,2.04353999511068,0.127374631517324,0.0279,0.0945245901639344,""
"86","Mt. Elektra vs Harrow Peak",1,1.189543718568,1.54344031259644,0.106126217691396,0.068,0.169136,""
"87","Mt. Elektra vs Starr Nunatak",1,2.43333093863261,3.17248655431882,0.157267996970835,1e-04,0.00413333333333333,"*"
"88","Mt. Elektra vs Kay Island",1,1.98893322739534,2.61604965206404,0.148503762406092,0.0052,0.0408101265822785,"."
"89","Mt. Elektra vs Inexpressible Island",1,2.44147146586609,3.04973334196045,0.138311574777951,1e-04,0.00413333333333333,"*"
"90","Mt. Elektra vs Ricker Hills",1,3.41461979919462,5.09890027397016,0.220742122503384,4e-04,0.008,"*"
"91","Mt. Elektra vs Mt. Larsen",1,1.69655907917812,2.30677159422316,0.141460961839949,0.0178,0.0764,""
"92","Mt. Elektra vs Mt. Nansen",1,1.46887152017958,1.88195934159015,0.111477542595058,0.0169,0.0750985915492958,""
"93","Mt. Elektra vs Vegetation Island",1,1.76645010270713,2.22358101806078,0.122016689028192,0.0036,0.0332463768115942,"."
"94","Mt. Elektra vs Widowmaker Pass",1,2.09271164252007,2.85454963190342,0.1513984522374,0.0019,0.0214181818181818,"."
"95","Mt. Elektra vs Crater Circle",1,1.30350226641682,1.65952417504766,0.105975389577417,0.0574,0.15208547008547,""
"96","Mt. Elektra vs Mt. Billing",1,3.03563284271779,4.0438282787084,0.161470052968953,1e-04,0.00413333333333333,"*"
"97","Mt. Elektra vs Anderson Ridge",1,1.94553214858782,2.67973120421071,0.160657936953698,0.0078,0.0449357798165138,"."
"98","Mt. Elektra vs Siegfried Peak",1,2.00349123849758,2.6019862542379,0.132740948824783,6e-04,0.0106285714285714,"."
"99","Mt. Elektra vs Convoy Range",1,1.36932645173726,1.76617674383037,0.105341651278983,0.0227,0.0847831325301205,""
"100","Mt. Elektra vs Dufayel Island",1,1.19871865402773,1.55534484795144,0.106857299789111,0.0677,0.169136,""
"101","Mt. Elektra vs Machu Picchu Base",1,1.29204921504719,1.6489530261171,0.105371459890326,0.0453,0.134811915633833,""
"102","Mt. Elektra vs Richard Nunatak",1,0.772797007730772,1.0095211311492,0.0672587168057044,0.3874,0.448111940298507,""
"103","Linnaeus Terrace vs Mt. New Zealand",1,1.38926954761959,1.9039480898633,0.0831275063317987,0.0191,0.0764,""
"104","Linnaeus Terrace vs Trio Nunatak",1,3.27708881616023,4.69056081852053,0.163487944630648,1e-04,0.00413333333333333,"*"
"105","Linnaeus Terrace vs Pudding Butte",1,3.20824973352074,4.60438810422398,0.141219890080608,1e-04,0.00413333333333333,"*"
"106","Linnaeus Terrace vs Unnamed Nunatak",1,2.28311110583524,3.17059362510742,0.131175662223452,1e-04,0.00413333333333333,"*"
"107","Linnaeus Terrace vs Finger Mt.",1,1.67097516430783,2.34460407121911,0.0798989846831389,0.0037,0.0332463768115942,"."
"108","Linnaeus Terrace vs Knobhead",1,0.705707239261156,0.957111455666951,0.0532998560503395,0.7395,0.771868686868687,""
"109","Linnaeus Terrace vs Mt. Bowen",1,0.900285603991323,1.22100726337209,0.0670109640879492,0.2086,0.310148681055156,""
"110","Linnaeus Terrace vs Schultz Peak",1,0.990509058120386,1.3322501439376,0.0689133512145963,0.1069,0.20711875,""
"111","Linnaeus Terrace vs Archambault Ridge",1,1.08930592358227,1.5136605648978,0.0775692781917428,0.066,0.168021680216802,""
"112","Linnaeus Terrace vs Helliwell Hills",1,2.1946570909107,3.04564011066884,0.126660804064747,3e-04,0.00664285714285714,"*"
"113","Linnaeus Terrace vs Mt. Keinath",1,1.18875253123452,1.61223890347056,0.0866225128439507,0.053,0.146044444444444,""
"114","Linnaeus Terrace vs Mt. Dickason",1,1.34601679731556,1.80475513344499,0.0827688787330975,0.0246,0.0878628571428571,""
"115","Linnaeus Terrace vs Mt. Burrow",1,1.13856273119826,1.51840284826558,0.0777933963177987,0.0682,0.169136,""
"116","Linnaeus Terrace vs Random Hills",1,1.4801665349888,1.95605488502723,0.0933407979583409,0.007,0.0449357798165138,"."
"117","Linnaeus Terrace vs Mt. McGee",1,1.5486239789902,2.11631483124083,0.105203902851738,0.0058,0.0436818181818182,"."
"118","Linnaeus Terrace vs Harrow Peak",1,1.22063374201966,1.65547761545393,0.0887394924739183,0.056,0.151615720524017,""
"119","Linnaeus Terrace vs Starr Nunatak",1,2.6351162757257,3.55763120617103,0.1448686632804,2e-04,0.00590476190476191,"*"
"120","Linnaeus Terrace vs Kay Island",1,2.1181133528776,2.89118370110795,0.132070688391401,0.0015,0.0186,"."
"121","Linnaeus Terrace vs Inexpressible Island",1,2.56367774509114,3.32646688967623,0.126354474514797,1e-04,0.00413333333333333,"*"
"122","Linnaeus Terrace vs Ricker Hills",1,3.08118125708662,4.65256569095732,0.174563520259359,1e-04,0.00413333333333333,"*"
"123","Linnaeus Terrace vs Mt. Larsen",1,1.48207778806945,2.08222618905854,0.103685028216294,0.0179,0.0764,""
"124","Linnaeus Terrace vs Mt. Nansen",1,1.38761131500965,1.85367206060406,0.0888894797624608,0.0172,0.0750985915492958,""
"125","Linnaeus Terrace vs Vegetation Island",1,1.77724687510562,2.33447987416529,0.104523583594424,0.0026,0.0273220338983051,"."
"126","Linnaeus Terrace vs Widowmaker Pass",1,1.81113772465762,2.54279960615374,0.112798749515549,0.0031,0.031,"."
"127","Linnaeus Terrace vs Crater Circle",1,1.23112434190302,1.6400487218181,0.083505328578751,0.0658,0.168021680216802,""
"128","Linnaeus Terrace vs Mt. Billing",1,2.67668361522247,3.66072527232781,0.12772619106964,2e-04,0.00590476190476191,"*"
"129","Linnaeus Terrace vs Anderson Ridge",1,1.69294119024751,2.40329679939029,0.117789630912104,0.006,0.0436818181818182,"."
"130","Linnaeus Terrace vs Siegfried Peak",1,1.82542088132934,2.45648720105682,0.104725280473631,0.0018,0.0210566037735849,"."
"131","Linnaeus Terrace vs Convoy Range",1,1.30876383419158,1.7579749099575,0.0846891335779682,0.0239,0.0876804733727811,""
"132","Linnaeus Terrace vs Dufayel Island",1,1.23502029293142,1.67498929383717,0.0896915798709412,0.0546,0.148473684210526,""
"133","Linnaeus Terrace vs Machu Picchu Base",1,1.32380445694639,1.76701020348476,0.0893918799704598,0.0362,0.114510204081633,""
"134","Linnaeus Terrace vs Richard Nunatak",1,0.778759421312321,1.05933538935998,0.0555809196763156,0.3322,0.393216730038023,""
"135","Mt. New Zealand vs Trio Nunatak",1,2.32544209176937,3.64294147811136,0.248784814414298,7e-04,0.0117297297297297,"."
"136","Mt. New Zealand vs Pudding Butte",1,1.85242645015498,2.84583546405949,0.159467763209565,0.0053,0.041075,"."
"137","Mt. New Zealand vs Unnamed Nunatak",1,1.65890273243048,2.46865401726257,0.235813889081807,0.0159,0.0741203007518797,""
"138","Mt. New Zealand vs Finger Mt.",1,1.28054957748597,1.88779405115177,0.118820400432804,0.0247,0.0878628571428571,""
"139","Mt. New Zealand vs Knobhead",1,0.634551015954512,0.91019775557583,0.185368859032662,0.666666666666667,0.701754385964912,""
"140","Mt. New Zealand vs Mt. Bowen",1,0.834500107961186,1.19700403308236,0.230325784906581,0.333333333333333,0.393216730038023,""
"141","Mt. New Zealand vs Schultz Peak",1,0.865839374293198,1.19039967656532,0.192297709156286,0.380952380952381,0.441477525589675,""
"142","Mt. New Zealand vs Archambault Ridge",1,0.976617353312387,1.52229400263311,0.233398556093691,0.285714285714286,0.393216730038023,""
"143","Mt. New Zealand vs Helliwell Hills",1,1.63820885034042,2.43310395814727,0.233209979303162,0.0085,0.0462280701754386,"."
"144","Mt. New Zealand vs Mt. Keinath",1,1.19021761828182,1.70724398443732,0.299136323783017,0.166666666666667,0.273356200527704,""
"145","Mt. New Zealand vs Mt. Dickason",1,1.24089259342035,1.68001102059077,0.193549411009437,0.0768,0.181049429657795,""
"146","Mt. New Zealand vs Mt. Burrow",1,1.12416729722228,1.49841952491235,0.230582146807852,0.19047619047619,0.300242130750605,""
"147","Mt. New Zealand vs Random Hills",1,1.3546894049339,1.75496575121091,0.226302192364535,0.035,0.113020833333333,""
"148","Mt. New Zealand vs Mt. McGee",1,1.52048616395592,2.21929583480081,0.307411676371903,0.0476190476190476,0.134811915633833,""
"149","Mt. New Zealand vs Harrow Peak",1,1.19102736955122,1.708405488823,0.29927893037172,0.166666666666667,0.273356200527704,""
"150","Mt. New Zealand vs Starr Nunatak",1,2.06276374069091,2.84098382171159,0.262059594261349,0.0075,0.0449357798165138,"."
"151","Mt. New Zealand vs Kay Island",1,1.82978151467076,2.63049168518399,0.304790477893603,0.0193,0.0766114649681529,""
"152","Mt. New Zealand vs Inexpressible Island",1,1.87745579379615,2.35272939180104,0.190462311378943,0.0037,0.0332463768115942,"."
"153","Mt. New Zealand vs Ricker Hills",1,2.0155824153865,3.7607208583005,0.294710690725144,0.0062,0.0436818181818182,"."
"154","Mt. New Zealand vs Mt. Larsen",1,1.19904175446351,1.95540007039318,0.281134090146255,0.0952380952380952,0.198717948717949,""
"155","Mt. New Zealand vs Mt. Nansen",1,1.19350889391169,1.59954659920719,0.210479214559203,0.0875,0.195111111111111,""
"156","Mt. New Zealand vs Vegetation Island",1,1.52646064828098,1.94983083336591,0.217862311553056,0.0166,0.0750985915492958,""
"157","Mt. New Zealand vs Widowmaker Pass",1,1.56258294024884,2.4310948511556,0.257774403664037,0.0307,0.100708994708995,""
"158","Mt. New Zealand vs Crater Circle",1,1.11108174225593,1.47516648779046,0.227819082423908,0.19047619047619,0.300242130750605,""
"159","Mt. New Zealand vs Mt. Billing",1,1.64175777481059,2.30860901742142,0.161344056197956,0.0255,0.0898295454545455,""
"160","Mt. New Zealand vs Anderson Ridge",1,1.42584551183146,2.43015106802949,0.327066172111353,0.0476190476190476,0.134811915633833,""
"161","Mt. New Zealand vs Siegfried Peak",1,1.70143586551597,2.32311250000539,0.225039928607208,0.0087,0.0465,"."
"162","Mt. New Zealand vs Convoy Range",1,1.04950112793091,1.43146624146727,0.192622316371397,0.1902,0.300242130750605,""
"163","Mt. New Zealand vs Dufayel Island",1,1.20189512878399,1.72399416461597,0.301187268022247,0.166666666666667,0.273356200527704,""
"164","Mt. New Zealand vs Machu Picchu Base",1,1.27777354701438,1.70861361784307,0.254689525313938,0.0952380952380952,0.198717948717949,""
"165","Mt. New Zealand vs Richard Nunatak",1,0.438130210202207,0.628318780006218,0.111635251051918,0.904761904761905,0.922619047619048,""
"166","Trio Nunatak vs Pudding Butte",1,2.11336889622629,3.39394558831051,0.15864047023495,0.0028,0.0284590163934426,"."
"167","Trio Nunatak vs Unnamed Nunatak",1,1.95832807636801,3.15841029001293,0.223076618442172,0.0033,0.03196875,"."
"168","Trio Nunatak vs Finger Mt.",1,3.30056470817296,5.12831444979634,0.23175350573724,1e-04,0.00413333333333333,"*"
"169","Trio Nunatak vs Knobhead",1,0.888173523818042,1.46870344692147,0.173427190611495,0.3346,0.393647058823529,""
"170","Trio Nunatak vs Mt. Bowen",1,0.901816525362932,1.49126381700456,0.17562330521614,0.2215,0.328540669856459,""
"171","Trio Nunatak vs Schultz Peak",1,1.08128537401725,1.70238893847704,0.175460801383238,0.063,0.164117647058824,""
"172","Trio Nunatak vs Archambault Ridge",1,1.26189327085071,2.16996406838628,0.213369885458268,0.0202,0.0777888198757764,""
"173","Trio Nunatak vs Helliwell Hills",1,1.93276615033558,3.11238949091204,0.220543054945892,0.0013,0.0179111111111111,"."
"174","Trio Nunatak vs Mt. Keinath",1,1.22401193446672,2.02405329478452,0.224295361370962,0.1133,0.214164634146341,""
"175","Trio Nunatak vs Mt. Dickason",1,1.184493811253,1.7906575135655,0.151870878405661,0.0722,0.173744186046512,""
"176","Trio Nunatak vs Mt. Burrow",1,1.17313495760991,1.80632402654029,0.184199912388329,0.0655,0.168021680216802,""
"177","Trio Nunatak vs Random Hills",1,1.60529935321048,2.37782620531866,0.208987741806702,0.0127,0.061515625,""
"178","Trio Nunatak vs Mt. McGee",1,1.52385891220895,2.50320393064127,0.238327651940434,0.0188,0.0764,""
"179","Trio Nunatak vs Harrow Peak",1,1.26987581184709,2.09989482010737,0.230760339720344,0.1097,0.210227692307692,""
"180","Trio Nunatak vs Starr Nunatak",1,2.57702255666479,3.90829840300513,0.262155901187041,8e-04,0.0124,"."
"181","Trio Nunatak vs Kay Island",1,2.14416476172586,3.43485970930833,0.276228263897268,0.0071,0.0449357798165138,"."
"182","Trio Nunatak vs Inexpressible Island",1,2.29136012713863,3.16069540738006,0.195579170803298,4e-04,0.008,"*"
"183","Trio Nunatak vs Ricker Hills",1,2.02492915859806,3.87663119977142,0.24417215157251,0.0069,0.0449357798165138,"."
"184","Trio Nunatak vs Mt. Larsen",1,1.43699945882061,2.54873129676085,0.241614960610806,0.0206,0.0788395061728395,""
"185","Trio Nunatak vs Mt. Nansen",1,1.33088284072884,2.02281328140984,0.183511525575902,0.0186,0.0764,""
"186","Trio Nunatak vs Vegetation Island",1,1.68548386943148,2.43405938513605,0.195757419981907,0.0097,0.0505378151260504,""
"187","Trio Nunatak vs Widowmaker Pass",1,1.51980628083595,2.55698530183408,0.203630508467714,0.0189,0.0764,""
"188","Trio Nunatak vs Crater Circle",1,1.12895750870156,1.73337233485902,0.178085485197267,0.09,0.197173144876325,""
"189","Trio Nunatak vs Mt. Billing",1,1.93171783602152,2.90389195264423,0.162193335411374,0.0062,0.0436818181818182,"."
"190","Trio Nunatak vs Anderson Ridge",1,1.21090904828067,2.2126363988881,0.216656729219205,0.0699,0.171296442687747,""
"191","Trio Nunatak vs Siegfried Peak",1,1.8143358661293,2.73256007046217,0.198984024569441,0.0012,0.0169090909090909,"."
"192","Trio Nunatak vs Convoy Range",1,1.34382715291592,2.06972859123319,0.186971936500081,0.0121,0.060016,""
"193","Trio Nunatak vs Dufayel Island",1,1.30537148150061,2.15859124706999,0.235690314027342,0.1124,0.213113149847095,""
"194","Trio Nunatak vs Machu Picchu Base",1,1.41688971386148,2.18667896896777,0.214660634307723,0.022,0.0826666666666667,""
"195","Trio Nunatak vs Richard Nunatak",1,1.42363598840138,2.30967716899373,0.224030018703211,0.0208,0.0791165644171779,""
"196","Pudding Butte vs Unnamed Nunatak",1,1.8429177626018,2.89084666608962,0.161582440453695,0.0074,0.0449357798165138,"."
"197","Pudding Butte vs Finger Mt.",1,2.99577880395394,4.59768813383633,0.179613413125339,1e-04,0.00413333333333333,"*"
"198","Pudding Butte vs Knobhead",1,0.683214545617233,1.07743218857769,0.0892103695350641,0.5386,0.589985865724382,""
"199","Pudding Butte vs Mt. Bowen",1,0.799249964682812,1.26042052850452,0.102804020920338,0.1574,0.27183286908078,""
"200","Pudding Butte vs Schultz Peak",1,0.781559685346715,1.19880602834677,0.0908268540178648,0.3336,0.393216730038023,""
"201","Pudding Butte vs Archambault Ridge",1,1.11020254219221,1.80170704996386,0.130542333889675,0.0585,0.153686440677966,""
"202","Pudding Butte vs Helliwell Hills",1,2.11310629260221,3.31103338855436,0.180821765669653,3e-04,0.00664285714285714,"*"
"203","Pudding Butte vs Mt. Keinath",1,1.26495415821632,1.99483798446677,0.153510031202488,0.0749,0.17724427480916,""
"204","Pudding Butte vs Mt. Dickason",1,1.07485781946795,1.60821328993984,0.103036347598889,0.1109,0.210914110429448,""
"205","Pudding Butte vs Mt. Burrow",1,1.16125357756552,1.7555299249429,0.127623576446851,0.0573,0.15208547008547,""
"206","Pudding Butte vs Random Hills",1,1.57511072265067,2.32208436252585,0.151551466992644,0.0062,0.0436818181818182,"."
"207","Pudding Butte vs Mt. McGee",1,1.62617524542968,2.5635209654993,0.176023433589462,0.0115,0.0579674796747967,""
"208","Pudding Butte vs Harrow Peak",1,1.28300161774801,2.02329890343613,0.155359937481147,0.0748,0.17724427480916,""
"209","Pudding Butte vs Starr Nunatak",1,2.79554409659682,4.19532498504084,0.218559726824647,3e-04,0.00664285714285714,"*"
"210","Pudding Butte vs Kay Island",1,2.25225067039226,3.50219976121652,0.21222623722247,0.0027,0.0279,"."
"211","Pudding Butte vs Inexpressible Island",1,2.4469477780258,3.41906211467735,0.167444620887837,8e-04,0.0124,"."
"212","Pudding Butte vs Ricker Hills",1,1.83325905528761,3.25542708134261,0.169065431142627,0.0089,0.0471623931623932,"."
"213","Pudding Butte vs Mt. Larsen",1,1.14898476756902,1.90108681626994,0.136758142826998,0.0643,0.166108333333333,""
"214","Pudding Butte vs Mt. Nansen",1,1.10959599692084,1.66499297847562,0.113535204614104,0.0919,0.198717948717949,""
"215","Pudding Butte vs Vegetation Island",1,1.73986777135421,2.51979992333441,0.152532109046621,0.0065,0.0447777777777778,"."
"216","Pudding Butte vs Widowmaker Pass",1,1.33522997695993,2.15214320005467,0.133241958878088,0.0415,0.128009950248756,""
"217","Pudding Butte vs Crater Circle",1,1.01148958327811,1.52628226537059,0.112838268152818,0.1625,0.273356200527704,""
"218","Pudding Butte vs Mt. Billing",1,1.625116649237,2.42738306872807,0.113284158916759,0.0199,0.0771125,""
"219","Pudding Butte vs Anderson Ridge",1,1.08457157637997,1.82785826926268,0.132186650576666,0.0788,0.184362264150943,""
"220","Pudding Butte vs Siegfried Peak",1,1.99470457409823,2.97842122355649,0.165666450158258,0.0014,0.018468085106383,"."
"221","Pudding Butte vs Convoy Range",1,1.12495040986968,1.703356073226,0.115848114181749,0.0878,0.195111111111111,""
"222","Pudding Butte vs Dufayel Island",1,1.30959607328331,2.06523847075835,0.158071241897391,0.0736,0.176185328185328,""
"223","Pudding Butte vs Machu Picchu Base",1,1.38962159125858,2.10393763847139,0.149173776317081,0.0354,0.113720207253886,""
"224","Pudding Butte vs Richard Nunatak",1,1.10402756842189,1.72658309103751,0.1257838953501,0.0782,0.183651515151515,""
"225","Unnamed Nunatak vs Finger Mt.",1,2.36427168706383,3.56092901364804,0.202775662431102,5e-04,0.0093939393939394,"*"
"226","Unnamed Nunatak vs Knobhead",1,0.758079564100538,1.17201706868161,0.226607347407762,0.5,0.552584670231729,""
"227","Unnamed Nunatak vs Mt. Bowen",1,0.776893612529395,1.20110423437481,0.230932544369433,0.333333333333333,0.393216730038023,""
"228","Unnamed Nunatak vs Schultz Peak",1,1.03698492137482,1.50926615547281,0.231864256188673,0.142857142857143,0.250201775625504,""
"229","Unnamed Nunatak vs Archambault Ridge",1,1.09591225126116,1.82266165080634,0.267148181178079,0.142857142857143,0.250201775625504,""
"230","Unnamed Nunatak vs Helliwell Hills",1,1.77140266494322,2.73310030495795,0.254642202840073,0.0086,0.0463652173913044,"."
"231","Unnamed Nunatak vs Mt. Keinath",1,1.19346948103669,1.84514484885926,0.315671364280966,0.166666666666667,0.273356200527704,""
"232","Unnamed Nunatak vs Mt. Dickason",1,1.12537186405486,1.58535384677795,0.18465795062983,0.1527,0.265193277310924,""
"233","Unnamed Nunatak vs Mt. Burrow",1,1.10456829806157,1.55581234105468,0.237318010357262,0.142857142857143,0.250201775625504,""
"234","Unnamed Nunatak vs Random Hills",1,1.39915546803398,1.89495773234987,0.240021263772599,0.0898,0.197173144876325,""
"235","Unnamed Nunatak vs Mt. McGee",1,1.49076323465801,2.31180539764292,0.316174360765696,0.142857142857143,0.250201775625504,""
"236","Unnamed Nunatak vs Harrow Peak",1,1.20789532834167,1.8674477047497,0.318272577570313,0.166666666666667,0.273356200527704,""
"237","Unnamed Nunatak vs Starr Nunatak",1,2.11789960375176,3.02167222735357,0.274157329761122,0.0072,0.0449357798165138,"."
"238","Unnamed Nunatak vs Kay Island",1,1.87321194503425,2.82943895456328,0.320455123946573,0.0377,0.118050505050505,""
"239","Unnamed Nunatak vs Inexpressible Island",1,1.94827425828762,2.50467834898333,0.200299302315679,0.0035,0.0328787878787879,"."
"240","Unnamed Nunatak vs Ricker Hills",1,1.74062966717883,3.38919159397915,0.273560350428854,0.0079,0.0449357798165138,"."
"241","Unnamed Nunatak vs Mt. Larsen",1,1.27930865367898,2.23295362276539,0.308719471909411,0.0952380952380952,0.198717948717949,""
"242","Unnamed Nunatak vs Mt. Nansen",1,1.20227322598064,1.68717907588625,0.219479611341269,0.1179,0.220839879154079,""
"243","Unnamed Nunatak vs Vegetation Island",1,1.53247713295084,2.03218847822335,0.224994029201557,0.0329,0.107357894736842,""
"244","Unnamed Nunatak vs Widowmaker Pass",1,1.46888882277873,2.3923961350293,0.254716272677935,0.0243,0.0878628571428571,""
"245","Unnamed Nunatak vs Crater Circle",1,1.1160463557089,1.56546285321872,0.23843906944828,0.142857142857143,0.250201775625504,""
"246","Unnamed Nunatak vs Mt. Billing",1,1.45001784150903,2.08826312724821,0.148227152516003,0.0334,0.108418848167539,""
"247","Unnamed Nunatak vs Anderson Ridge",1,1.33385975068297,2.44091774197551,0.328039877151964,0.0952380952380952,0.198717948717949,""
"248","Unnamed Nunatak vs Siegfried Peak",1,1.81823093548788,2.57093930929251,0.243208217743952,0.0077,0.0449357798165138,"."
"249","Unnamed Nunatak vs Convoy Range",1,1.05889029875765,1.51355590382139,0.201443354278045,0.1791,0.290685863874346,""
"250","Unnamed Nunatak vs Dufayel Island",1,1.23545590227436,1.91005729957516,0.323187611008858,0.166666666666667,0.273356200527704,""
"251","Unnamed Nunatak vs Machu Picchu Base",1,1.24401081070646,1.75814676378438,0.260152202258458,0.142857142857143,0.250201775625504,""
"252","Unnamed Nunatak vs Richard Nunatak",1,1.23168853521332,1.87462293612455,0.272687382790675,0.142857142857143,0.250201775625504,""
"253","Finger Mt. vs Knobhead",1,0.72021772289599,1.07366865087399,0.0969569060375716,0.3268,0.393216730038023,""
"254","Finger Mt. vs Mt. Bowen",1,0.946007225644352,1.41026563132952,0.123596213874049,0.1658,0.273356200527704,""
"255","Finger Mt. vs Schultz Peak",1,0.958570990095996,1.39545915154127,0.112578254220438,0.0792,0.184601503759399,""
"256","Finger Mt. vs Archambault Ridge",1,1.01623399855871,1.56846167819522,0.124793448741329,0.0489,0.137809090909091,""
"257","Finger Mt. vs Helliwell Hills",1,1.95732410613658,2.94467990553248,0.173781972982035,5e-04,0.0093939393939394,"*"
"258","Finger Mt. vs Mt. Keinath",1,1.20738378916945,1.79991422426007,0.152536212556489,0.0849,0.192813186813187,""
"259","Finger Mt. vs Mt. Dickason",1,1.45447414376089,2.08016781480692,0.137940627740524,0.0168,0.0750985915492958,""
"260","Finger Mt. vs Mt. Burrow",1,1.16387137467396,1.66905592730023,0.131742723126166,0.054,0.147488986784141,""
"261","Finger Mt. vs Random Hills",1,1.47172319243645,2.06536255457873,0.146840335367422,0.0022,0.0239298245614035,"."
"262","Finger Mt. vs Mt. McGee",1,1.52374907904545,2.28199842287921,0.171811375835454,0.014,0.0662595419847328,""
"263","Finger Mt. vs Harrow Peak",1,1.25240300078597,1.86702686903832,0.157328949335195,0.0819,0.188059040590406,""
"264","Finger Mt. vs Starr Nunatak",1,2.56877476375889,3.69685082473277,0.208898795686638,3e-04,0.00664285714285714,"*"
"265","Finger Mt. vs Kay Island",1,2.14776144949513,3.18461923383314,0.209726644099013,0.0032,0.0314920634920635,"."
"266","Finger Mt. vs Inexpressible Island",1,2.54094046659659,3.41659624794747,0.175962676687406,3e-04,0.00664285714285714,"*"
"267","Finger Mt. vs Ricker Hills",1,2.95897512583144,5.07659833057823,0.252861478174128,9e-04,0.0132857142857143,"."
"268","Finger Mt. vs Mt. Larsen",1,1.52504946878193,2.40153110679588,0.179198263814653,0.0118,0.059,""
"269","Finger Mt. vs Mt. Nansen",1,1.42618364274532,2.03830177720632,0.145195751562761,0.0147,0.0690454545454545,""
"270","Finger Mt. vs Vegetation Island",1,1.801340522893,2.49135982839423,0.160822539531217,0.0015,0.0186,"."
"271","Finger Mt. vs Widowmaker Pass",1,1.69426841120788,2.61628303704969,0.167535580063614,0.0061,0.0436818181818182,"."
"272","Finger Mt. vs Crater Circle",1,1.28640241741269,1.84122518687358,0.143383918596467,0.026,0.090561797752809,""
"273","Finger Mt. vs Mt. Billing",1,2.59044732986635,3.74428413536205,0.172196247623201,0.0024,0.0256551724137931,"."
"274","Finger Mt. vs Anderson Ridge",1,1.70162332960245,2.73132394882288,0.198911915486272,0.0125,0.0610236220472441,""
"275","Finger Mt. vs Siegfried Peak",1,1.89904084474927,2.71886988526027,0.162622827016393,3e-04,0.00664285714285714,"*"
"276","Finger Mt. vs Convoy Range",1,1.41044567052498,2.03469553173801,0.144976107756435,0.0199,0.0771125,""
"277","Finger Mt. vs Dufayel Island",1,1.27433271870414,1.89971872026989,0.15964400209174,0.0853,0.193014598540146,""
"278","Finger Mt. vs Machu Picchu Base",1,1.32110483896349,1.89749729973191,0.147121356619423,0.0137,0.0653384615384615,""
"279","Finger Mt. vs Richard Nunatak",1,0.529983734371145,0.787185379047112,0.0667831508314455,0.8051,0.823699669966997,""
"280","Knobhead vs Mt. Bowen",1,0.531833379666779,NA,1,NA,NA,""
"281","Knobhead vs Schultz Peak",1,0.493756639295019,0.582171018627047,0.367957074028719,1,1,""
"282","Knobhead vs Archambault Ridge",1,0.498445303770183,1.18936073619771,0.5432456682599,0.333333333333333,0.393216730038023,""
"283","Knobhead vs Helliwell Hills",1,0.744896380040934,1.14697790889455,0.222844925546007,0.5,0.552584670231729,""
"284","Knobhead vs Mt. Keinath",1,0.980175064923893,NA,1,NA,NA,""
"285","Knobhead vs Mt. Dickason",1,0.515524072615071,0.64935025503932,0.177935854236694,0.8,0.819834710743802,""
"286","Knobhead vs Mt. Burrow",1,0.672235456488456,0.698391964511258,0.411207765406634,0.666666666666667,0.701754385964912,""
"287","Knobhead vs Random Hills",1,0.926504981461917,1.00549794281419,0.334552863434236,0.75,0.772425249169435,""
"288","Knobhead vs Mt. McGee",1,0.996953574528134,1.56513588049752,0.610157104111753,0.333333333333333,0.393216730038023,""
"289","Knobhead vs Harrow Peak",1,0.982577635916443,NA,1,NA,NA,""
"290","Knobhead vs Starr Nunatak",1,1.12200621836875,1.48612030543132,0.270887297888828,0.166666666666667,0.273356200527704,""
"291","Knobhead vs Kay Island",1,1.14451035825799,1.65272611888731,0.452463739436002,0.25,0.361305361305361,""
"292","Knobhead vs Inexpressible Island",1,0.941415687247958,1.08807429122661,0.153507743643911,0.4973,0.552584670231729,""
"293","Knobhead vs Ricker Hills",1,0.55583975640523,1.36571415709458,0.214542174434976,0.285714285714286,0.393216730038023,""
"294","Knobhead vs Mt. Larsen",1,0.573634418629526,2.06829659385735,0.674086265975077,0.333333333333333,0.393216730038023,""
"295","Knobhead vs Mt. Nansen",1,0.622540981505901,0.737477701211371,0.26940044146662,0.75,0.772425249169435,""
"296","Knobhead vs Vegetation Island",1,0.86309016161971,0.962036047482801,0.242813552414297,0.8,0.819834710743802,""
"297","Knobhead vs Widowmaker Pass",1,0.543252276082376,0.952733556935404,0.241031565424832,0.4,0.457564575645756,""
"298","Knobhead vs Crater Circle",1,0.634842199698637,0.649571569419078,0.393781986463209,0.666666666666667,0.701754385964912,""
"299","Knobhead vs Mt. Billing",1,0.520704478414638,0.725073614309642,0.0831022918959077,0.4998,0.552584670231729,""
"300","Knobhead vs Anderson Ridge",1,0.490317915813857,3.38087577036793,0.771735138721814,0.333333333333333,0.393216730038023,""
"301","Knobhead vs Siegfried Peak",1,0.804841993548745,1.04847292661947,0.207681202189103,0.166666666666667,0.273356200527704,""
"302","Knobhead vs Convoy Range",1,0.524670262449902,0.65161797797921,0.245743535980928,0.75,0.772425249169435,""
"303","Knobhead vs Dufayel Island",1,1,NA,1,NA,NA,""
"304","Knobhead vs Machu Picchu Base",1,0.893701971348675,0.94016264725616,0.484579294723444,0.666666666666667,0.701754385964912,""
"305","Knobhead vs Richard Nunatak",1,0.527376737101242,0.755663600125328,0.430414801600594,0.666666666666667,0.701754385964912,""
"306","Mt. Bowen vs Schultz Peak",1,0.663682263925608,0.782524322479877,0.438997837286852,1,1,""
"307","Mt. Bowen vs Archambault Ridge",1,0.580480645350137,1.38510862170844,0.580731883278462,0.333333333333333,0.393216730038023,""
"308","Mt. Bowen vs Helliwell Hills",1,0.717376201804986,1.10460283857438,0.216393492991685,0.5,0.552584670231729,""
"309","Mt. Bowen vs Mt. Keinath",1,0.915093934215449,NA,1,NA,NA,""
"310","Mt. Bowen vs Mt. Dickason",1,0.605660326250145,0.762885204026905,0.202739430692834,0.8,0.819834710743802,""
"311","Mt. Bowen vs Mt. Burrow",1,0.687071881978957,0.713805671486433,0.416503273015387,1,1,""
"312","Mt. Bowen vs Random Hills",1,0.834926804999454,0.906111895375586,0.311795253588637,1,1,""
"313","Mt. Bowen vs Mt. McGee",1,0.993704410173486,1.56003495720177,0.609380333972843,0.333333333333333,0.393216730038023,""
"314","Mt. Bowen vs Harrow Peak",1,0.961930781198333,NA,1,NA,NA,""
"315","Mt. Bowen vs Starr Nunatak",1,1.11684576991494,1.47928518535195,0.269977768141472,0.166666666666667,0.273356200527704,""
"316","Mt. Bowen vs Kay Island",1,1.12120944344152,1.61907851558404,0.447373138939141,0.25,0.361305361305361,""
"317","Mt. Bowen vs Inexpressible Island",1,0.985663134053017,1.13921483410597,0.159571445961204,0.3627,0.42395856873823,""
"318","Mt. Bowen vs Ricker Hills",1,0.723063430330043,1.77658750008372,0.262165507353336,0.285714285714286,0.393216730038023,""
"319","Mt. Bowen vs Mt. Larsen",1,0.798106992924937,2.87765503845486,0.742112181180904,0.333333333333333,0.393216730038023,""
"320","Mt. Bowen vs Mt. Nansen",1,0.701018740606408,0.830444428056667,0.293397185199935,0.75,0.772425249169435,""
"321","Mt. Bowen vs Vegetation Island",1,0.889120198610151,0.991050205001548,0.248318150385473,0.6,0.65034965034965,""
"322","Mt. Bowen vs Widowmaker Pass",1,0.722104836576697,1.26639784078448,0.296830696068331,0.4,0.457564575645756,""
"323","Mt. Bowen vs Crater Circle",1,0.751948049139169,0.769394464691874,0.434834899760952,0.666666666666667,0.701754385964912,""
"324","Mt. Bowen vs Mt. Billing",1,0.700416195167122,0.97531963561571,0.10866684142874,0.4963,0.552584670231729,""
"325","Mt. Bowen vs Anderson Ridge",1,0.711317449084344,4.90472783287438,0.830644184066786,0.333333333333333,0.393216730038023,""
"326","Mt. Bowen vs Siegfried Peak",1,0.808363595784945,1.05306054087491,0.208400539110219,0.333333333333333,0.393216730038023,""
"327","Mt. Bowen vs Convoy Range",1,0.590296400073985,0.733122828094997,0.268236326797646,0.75,0.772425249169435,""
"328","Mt. Bowen vs Dufayel Island",1,1,NA,1,NA,NA,""
"329","Mt. Bowen vs Machu Picchu Base",1,0.839471323412861,0.883112723276682,0.468964344173744,0.666666666666667,0.701754385964912,""
"330","Mt. Bowen vs Richard Nunatak",1,0.799723118661446,1.14590122854651,0.533995327139389,0.666666666666667,0.701754385964912,""
"331","Schultz Peak vs Archambault Ridge",1,0.703533093338092,1.11035963993611,0.356987541144573,0.333333333333333,0.393216730038023,""
"332","Schultz Peak vs Helliwell Hills",1,0.744409329929689,1.08013758307444,0.177650187732802,0.476190476190476,0.535822314406706,""
"333","Schultz Peak vs Mt. Keinath",1,0.978370461910364,1.153562064944,0.535653039084339,0.333333333333333,0.393216730038023,""
"334","Schultz Peak vs Mt. Dickason",1,0.671368420042274,0.831453956793096,0.17209187218354,0.666666666666667,0.701754385964912,""
"335","Schultz Peak vs Mt. Burrow",1,0.74911226762045,0.827438685196094,0.292646022539197,0.666666666666667,0.701754385964912,""
"336","Schultz Peak vs Random Hills",1,0.924398004585879,1.03054104955711,0.255683055174528,0.3,0.393216730038023,""
"337","Schultz Peak vs Mt. McGee",1,1.06781057253304,1.43802643988898,0.41827090775236,0.333333333333333,0.393216730038023,""
"338","Schultz Peak vs Harrow Peak",1,1.0128527103396,1.19421886648344,0.544256949352255,0.333333333333333,0.393216730038023,""
"339","Schultz Peak vs Starr Nunatak",1,1.23688496927215,1.59883145382259,0.242290088027088,0.0476190476190476,0.134811915633833,""
"340","Schultz Peak vs Kay Island",1,1.24235064407498,1.66898350317806,0.357461854821724,0.1,0.198717948717949,""
"341","Schultz Peak vs Inexpressible Island",1,1.09594318752729,1.27025774732441,0.15359348960259,0.11,0.210227692307692,""
"342","Schultz Peak vs Ricker Hills",1,0.61306834287937,1.27584874363444,0.175353939944211,0.1724,0.28054593175853,""
"343","Schultz Peak vs Mt. Larsen",1,0.638580740454592,1.1347743217158,0.361995539473057,0.333333333333333,0.393216730038023,""
"344","Schultz Peak vs Mt. Nansen",1,0.712573758782797,0.842807902100977,0.219320851724123,0.7,0.733108108108108,""
"345","Schultz Peak vs Vegetation Island",1,0.932112499091607,1.05335991515487,0.208447435536083,0.466666666666667,0.526060606060606,""
"346","Schultz Peak vs Widowmaker Pass",1,0.606604029129451,0.948285074985811,0.191639135703702,0.466666666666667,0.526060606060606,""
"347","Schultz Peak vs Crater Circle",1,0.731061310377404,0.800963663790456,0.285960033735867,0.666666666666667,0.701754385964912,""
"348","Schultz Peak vs Mt. Billing",1,0.697209364223336,0.951713221882277,0.0956331036338152,0.2702,0.386,""
"349","Schultz Peak vs Anderson Ridge",1,0.739303519600711,1.48879519147681,0.426736196814867,0.333333333333333,0.393216730038023,""
"350","Schultz Peak vs Siegfried Peak",1,0.879829652584301,1.1226153747914,0.183355528000915,0.333333333333333,0.393216730038023,""
"351","Schultz Peak vs Convoy Range",1,0.72350239170929,0.882861400422013,0.227373915619563,0.7,0.733108108108108,""
"352","Schultz Peak vs Dufayel Island",1,1.05062337154269,1.23875291940922,0.553322748870434,0.333333333333333,0.393216730038023,""
"353","Schultz Peak vs Machu Picchu Base",1,0.953175262867688,1.05984189217449,0.346371456278517,0.333333333333333,0.393216730038023,""
"354","Schultz Peak vs Richard Nunatak",1,0.57898793407152,0.749000236465556,0.272462776295924,1,1,""
"355","Archambault Ridge vs Helliwell Hills",1,1.00537916588167,1.66626897916883,0.249955257487462,0.142857142857143,0.250201775625504,""
"356","Archambault Ridge vs Mt. Keinath",1,1.05011774337678,2.50572891932141,0.714752616926934,0.333333333333333,0.393216730038023,""
"357","Archambault Ridge vs Mt. Dickason",1,0.654119380865101,0.934186214011129,0.189329338920856,0.533333333333333,0.585250737463127,""
"358","Archambault Ridge vs Mt. Burrow",1,0.795822574031843,1.15200179861887,0.365482595575818,0.333333333333333,0.393216730038023,""
"359","Archambault Ridge vs Random Hills",1,1.05322913882713,1.39687744741204,0.31769760793179,0.2,0.300242130750605,""
"360","Archambault Ridge vs Mt. McGee",1,1.20141566359772,2.27527386660418,0.532193711466586,0.333333333333333,0.393216730038023,""
"361","Archambault Ridge vs Harrow Peak",1,1.11777016347726,2.66715712732667,0.727309202938628,0.333333333333333,0.393216730038023,""
"362","Archambault Ridge vs Starr Nunatak",1,1.52064130863112,2.21084668361283,0.306600151219016,0.0476190476190476,0.134811915633833,""
"363","Archambault Ridge vs Kay Island",1,1.54119401924325,2.56284227631973,0.460707341502276,0.1,0.198717948717949,""
"364","Archambault Ridge vs Inexpressible Island",1,1.40409155422869,1.75187257529085,0.200171170251828,0.0306,0.100708994708995,""
"365","Archambault Ridge vs Ricker Hills",1,1.01262351083944,2.47578641564497,0.292101085873879,0.1044,0.20418927444795,""
"366","Archambault Ridge vs Mt. Larsen",1,0.943608585294849,2.70983292031341,0.575356486347097,0.333333333333333,0.393216730038023,""
"367","Archambault Ridge vs Mt. Nansen",1,0.75043052181195,1.068287043436,0.262588905854034,0.3,0.393216730038023,""
"368","Archambault Ridge vs Vegetation Island",1,1.12548153749057,1.44731559126666,0.265693361623301,0.2,0.300242130750605,""
"369","Archambault Ridge vs Widowmaker Pass",1,0.712502013662533,1.33822164279012,0.25068678903536,0.2,0.300242130750605,""
"370","Archambault Ridge vs Crater Circle",1,0.896404513722203,1.28386896760029,0.390962300952734,0.333333333333333,0.393216730038023,""
"371","Archambault Ridge vs Mt. Billing",1,0.931350322499586,1.35981020290521,0.131258215765756,0.1907,0.300242130750605,""
"372","Archambault Ridge vs Anderson Ridge",1,0.824026299481422,2.92149049500592,0.593619046500344,0.333333333333333,0.393216730038023,""
"373","Archambault Ridge vs Siegfried Peak",1,1.12462992961465,1.61139445028738,0.243729891236082,0.0476190476190476,0.134811915633833,""
"374","Archambault Ridge vs Convoy Range",1,0.76119753261712,1.12522828956036,0.272767519898949,0.3,0.393216730038023,""
"375","Archambault Ridge vs Dufayel Island",1,1.19008377540362,2.83970759588823,0.739563501900287,0.333333333333333,0.393216730038023,""
"376","Archambault Ridge vs Machu Picchu Base",1,1.07876911578072,1.5752259721289,0.440594799995514,0.333333333333333,0.393216730038023,""
"377","Archambault Ridge vs Richard Nunatak",1,0.741618489521042,1.32789271337592,0.399019087375825,0.333333333333333,0.393216730038023,""
"378","Helliwell Hills vs Mt. Keinath",1,1.06128296901027,1.63414422885758,0.290043023834505,0.166666666666667,0.273356200527704,""
"379","Helliwell Hills vs Mt. Dickason",1,1.09753043584982,1.54287045032296,0.180603283087903,0.0816,0.188059040590406,""
"380","Helliwell Hills vs Mt. Burrow",1,0.782496861106618,1.09891423757654,0.18018194628905,0.428571428571429,0.487369963369963,""
"381","Helliwell Hills vs Random Hills",1,1.18579920304336,1.60219732233061,0.21075450352023,0.0512,0.142627802690583,""
"382","Helliwell Hills vs Mt. McGee",1,1.29862109433378,2.00729972359767,0.286458379514996,0.0476190476190476,0.134811915633833,""
"383","Helliwell Hills vs Harrow Peak",1,1.13557588263847,1.74853910712813,0.304171037987714,0.166666666666667,0.273356200527704,""
"384","Helliwell Hills vs Starr Nunatak",1,1.8161135300113,2.58625902072631,0.244303395152414,0.0067,0.0449357798165138,"."
"385","Helliwell Hills vs Kay Island",1,1.69037571089113,2.54653427420684,0.297961043916035,0.0183,0.0764,""
"386","Helliwell Hills vs Inexpressible Island",1,1.89911202406955,2.43818284494448,0.196024039470966,0.0039,0.034056338028169,"."
"387","Helliwell Hills vs Ricker Hills",1,1.80650134346579,3.50947398039843,0.280545287987133,0.0077,0.0449357798165138,"."
"388","Helliwell Hills vs Mt. Larsen",1,1.32244623511363,2.29981295855721,0.315050943306877,0.0476190476190476,0.134811915633833,""
"389","Helliwell Hills vs Mt. Nansen",1,1.11001508544802,1.55389272589778,0.205707544743177,0.1314,0.242424242424242,""
"390","Helliwell Hills vs Vegetation Island",1,1.39833567749206,1.85062284137141,0.209095209968823,0.0231,0.0857604790419162,""
"391","Helliwell Hills vs Widowmaker Pass",1,1.18931147257561,1.93232177893284,0.216329172499168,0.037,0.116446700507614,""
"392","Helliwell Hills vs Crater Circle",1,1.12847517924977,1.57824497559683,0.239918850917169,0.0952380952380952,0.198717948717949,""
"393","Helliwell Hills vs Mt. Billing",1,1.71557251194155,2.46759402576692,0.170560082165156,0.0169,0.0750985915492958,""
"394","Helliwell Hills vs Anderson Ridge",1,1.3095655189563,2.3872807033009,0.323160957215851,0.0952380952380952,0.198717948717949,""
"395","Helliwell Hills vs Siegfried Peak",1,1.1781708468253,1.66282044025639,0.172084377489712,0.0244,0.0878628571428571,""
"396","Helliwell Hills vs Convoy Range",1,1.1083859224616,1.58034854571108,0.208479667680352,0.1057,0.205435736677116,""
"397","Helliwell Hills vs Dufayel Island",1,1.22470572108441,1.88577961259979,0.320395892595583,0.166666666666667,0.273356200527704,""
"398","Helliwell Hills vs Machu Picchu Base",1,1.20277747002764,1.69483912010992,0.253156063902861,0.0952380952380952,0.198717948717949,""
"399","Helliwell Hills vs Richard Nunatak",1,1.03038233692222,1.56323677622266,0.238180768045115,0.142857142857143,0.250201775625504,""
"400","Mt. Keinath vs Mt. Dickason",1,0.98918358402009,1.24596822279483,0.293447373464961,0.2,0.300242130750605,""
"401","Mt. Keinath vs Mt. Burrow",1,0.860538865476687,0.894022210518248,0.472023086927594,1,1,""
"402","Mt. Keinath vs Random Hills",1,0.88857100451197,0.964329749928984,0.325311227589335,0.75,0.772425249169435,""
"403","Mt. Keinath vs Mt. McGee",1,1.02897084592979,1.61540038783938,0.617649364644273,0.333333333333333,0.393216730038023,""
"404","Mt. Keinath vs Harrow Peak",1,0.902677801888779,NA,1,NA,NA,""
"405","Mt. Keinath vs Starr Nunatak",1,0.931730035721954,1.23409558930945,0.23578010150026,0.333333333333333,0.393216730038023,""
"406","Mt. Keinath vs Kay Island",1,0.936602701949162,1.35249780603809,0.403429885502727,0.25,0.361305361305361,""
"407","Mt. Keinath vs Inexpressible Island",1,1.00933198018427,1.16657093548313,0.162779514217491,0.3741,0.434348314606742,""
"408","Mt. Keinath vs Ricker Hills",1,1.37817214986823,3.38620833486463,0.403782996993634,0.142857142857143,0.250201775625504,""
"409","Mt. Keinath vs Mt. Larsen",1,1.22625798531853,4.42139650595602,0.815545681098701,0.333333333333333,0.393216730038023,""
"410","Mt. Keinath vs Mt. Nansen",1,0.91452888910477,1.08337391892968,0.351359889333741,0.25,0.361305361305361,""
"411","Mt. Keinath vs Vegetation Island",1,0.813849101632489,0.907149922219747,0.23217689115558,0.6,0.65034965034965,""
"412","Mt. Keinath vs Widowmaker Pass",1,1.17044371410346,2.05267617279414,0.406255240311394,0.2,0.300242130750605,""
"413","Mt. Keinath vs Crater Circle",1,0.998415995246293,1.02158086729759,0.505337621572973,0.333333333333333,0.393216730038023,""
"414","Mt. Keinath vs Mt. Billing",1,1.18367382582031,1.64824904457193,0.170834006974481,0.2041,0.304920481927711,""
"415","Mt. Keinath vs Anderson Ridge",1,1.25397815264262,8.64652140194214,0.896335688448411,0.333333333333333,0.393216730038023,""
"416","Mt. Keinath vs Siegfried Peak",1,0.994425526076732,1.29544463383872,0.244633779297894,0.166666666666667,0.273356200527704,""
"417","Mt. Keinath vs Convoy Range",1,1.02141113275074,1.26854884799583,0.388107660919207,0.5,0.552584670231729,""
"418","Mt. Keinath vs Dufayel Island",1,0.968865865627331,NA,1,NA,NA,""
"419","Mt. Keinath vs Machu Picchu Base",1,0.939448799247546,0.988287704825485,0.497054677965847,0.666666666666667,0.701754385964912,""
"420","Mt. Keinath vs Richard Nunatak",1,1.07259277988816,1.53688864998822,0.605816360917282,0.333333333333333,0.393216730038023,""
"421","Mt. Dickason vs Mt. Burrow",1,0.691303027425563,0.826850689625172,0.171302313411601,0.733333333333333,0.76672287802136,""
"422","Mt. Dickason vs Random Hills",1,1.02818695118509,1.21690433208312,0.195741202868947,0.285714285714286,0.393216730038023,""
"423","Mt. Dickason vs Mt. McGee",1,1.1451300296777,1.51738250063535,0.275018543749797,0.133333333333333,0.242424242424242,""
"424","Mt. Dickason vs Harrow Peak",1,1.05490074119155,1.32874506103884,0.306958493120395,0.2,0.300242130750605,""
"425","Mt. Dickason vs Starr Nunatak",1,1.65275443349121,2.14179179407929,0.234285777047168,0.0083,0.0455398230088496,"."
"426","Mt. Dickason vs Kay Island",1,1.55385546368617,2.06261097614082,0.292046522611654,0.0285714285714286,0.0947288006111535,""
"427","Mt. Dickason vs Inexpressible Island",1,1.31072651107331,1.55771034490774,0.147542439981701,0.0642,0.166108333333333,""
"428","Mt. Dickason vs Ricker Hills",1,1.04020650814827,1.88413297340714,0.1906219775145,0.0513,0.142627802690583,""
"429","Mt. Dickason vs Mt. Larsen",1,0.826165791530993,1.24278956545665,0.237047386689914,0.133333333333333,0.242424242424242,""
"430","Mt. Dickason vs Mt. Nansen",1,0.669263270858196,0.822186621722183,0.141216122934751,0.742857142857143,0.772425249169435,""
"431","Mt. Dickason vs Vegetation Island",1,0.999525852931248,1.18213143547541,0.16459340045441,0.1988,0.300242130750605,""
"432","Mt. Dickason vs Widowmaker Pass",1,0.670683127312477,0.983326082459386,0.140810563741151,0.4292,0.487369963369963,""
"433","Mt. Dickason vs Crater Circle",1,0.722348450403797,0.860182568205865,0.176985649434853,0.466666666666667,0.526060606060606,""
"434","Mt. Dickason vs Mt. Billing",1,0.747928397714323,1.01235023916744,0.0842757844228162,0.2933,0.393216730038023,""
"435","Mt. Dickason vs Anderson Ridge",1,0.667613556036072,1.05687333232517,0.20899739085203,0.266666666666667,0.381832178598922,""
"436","Mt. Dickason vs Siegfried Peak",1,1.09323573515949,1.40357574877171,0.16702125270625,0.1314,0.242424242424242,""
"437","Mt. Dickason vs Convoy Range",1,0.666954443363739,0.835346163926828,0.143152803700114,0.657142857142857,0.701754385964912,""
"438","Mt. Dickason vs Dufayel Island",1,1.12308511242266,1.41462958360637,0.320441286593912,0.2,0.300242130750605,""
"439","Mt. Dickason vs Machu Picchu Base",1,1.02957331842522,1.23586926205664,0.236038984207025,0.2,0.300242130750605,""
"440","Mt. Dickason vs Richard Nunatak",1,0.890536082490202,1.15668251686352,0.224307490926755,0.333333333333333,0.393216730038023,""
"441","Mt. Burrow vs Random Hills",1,0.602592046164278,0.644385734286557,0.176816007214644,0.9,0.919275123558484,""
"442","Mt. Burrow vs Mt. McGee",1,0.882066230276993,1.10291141598029,0.355444054993059,0.333333333333333,0.393216730038023,""
"443","Mt. Burrow vs Harrow Peak",1,0.886799335618841,0.921304468772478,0.479520286215281,1,1,""
"444","Mt. Burrow vs Starr Nunatak",1,1.00178955809621,1.25773697023185,0.200989107758112,0.142857142857143,0.250201775625504,""
"445","Mt. Burrow vs Kay Island",1,1.08199315493806,1.38271263061106,0.315492423791033,0.1,0.198717948717949,""
"446","Mt. Burrow vs Inexpressible Island",1,1.0664566064948,1.21309882014251,0.147702937308803,0.1671,0.273356200527704,""
"447","Mt. Burrow vs Ricker Hills",1,1.23731816459506,2.47667884317154,0.292175613703549,0.0739,0.176223076923077,""
"448","Mt. Burrow vs Mt. Larsen",1,0.987857773756664,1.593455423498,0.443432639536369,0.333333333333333,0.393216730038023,""
"449","Mt. Burrow vs Mt. Nansen",1,0.815887901009257,0.923352148243429,0.235347762157122,0.6,0.65034965034965,""
"450","Mt. Burrow vs Vegetation Island",1,0.866183707514919,0.9482043218271,0.191625943505296,0.533333333333333,0.585250737463127,""
"451","Mt. Burrow vs Widowmaker Pass",1,0.854483974421477,1.2786130823995,0.242225194845742,0.133333333333333,0.242424242424242,""
"452","Mt. Burrow vs Crater Circle",1,0.811068726457167,0.836208494623301,0.294833224076626,1,1,""
"453","Mt. Burrow vs Mt. Billing",1,1.04843055328939,1.40672941688082,0.135174977702308,0.1998,0.300242130750605,""
"454","Mt. Burrow vs Anderson Ridge",1,0.982342716462868,1.77386313579067,0.470039074540795,0.333333333333333,0.393216730038023,""
"455","Mt. Burrow vs Siegfried Peak",1,0.912681389454844,1.13149486695558,0.184538174051737,0.238095238095238,0.352312762813956,""
"456","Mt. Burrow vs Convoy Range",1,0.797335242967862,0.929689187240286,0.236580844678248,0.5,0.552584670231729,""
"457","Mt. Burrow vs Dufayel Island",1,1.01192119408931,1.05129478644623,0.512503026572571,0.333333333333333,0.393216730038023,""
"458","Mt. Burrow vs Machu Picchu Base",1,0.875369969255637,0.91511820914945,0.313921475388971,1,1,""
"459","Mt. Burrow vs Richard Nunatak",1,0.905540966916502,1.0907199360602,0.352901575886738,0.666666666666667,0.701754385964912,""
"460","Random Hills vs Mt. McGee",1,0.978967464667636,1.18430472060853,0.283035008128255,0.2,0.300242130750605,""
"461","Random Hills vs Harrow Peak",1,0.929020285591463,1.00822769945708,0.335156710258017,0.75,0.772425249169435,""
"462","Random Hills vs Starr Nunatak",1,1.09039283837265,1.34537819868333,0.183159826804356,0.036,0.114510204081633,""
"463","Random Hills vs Kay Island",1,1.05553794684023,1.30802831113732,0.246424516687827,0.1,0.198717948717949,""
"464","Random Hills vs Inexpressible Island",1,1.2043112092993,1.36967282255199,0.146181499449512,0.102,0.20140127388535,""
"465","Random Hills vs Ricker Hills",1,1.76243704298578,3.18141218529036,0.312472585078789,0.0237,0.0874642857142857,""
"466","Random Hills vs Mt. Larsen",1,1.30785303253425,1.850539693207,0.381512122413638,0.1,0.198717948717949,""
"467","Random Hills vs Mt. Nansen",1,0.914759080108076,1.0362090786397,0.205751799113072,0.3,0.393216730038023,""
"468","Random Hills vs Vegetation Island",1,0.954547868359179,1.05257956425893,0.173905944248054,0.314285714285714,0.393216730038023,""
"469","Random Hills vs Widowmaker Pass",1,1.27379649851505,1.79231792006573,0.263874268130309,0.0571428571428571,0.15208547008547,""
"470","Random Hills vs Crater Circle",1,0.858431249561393,0.913159189891252,0.233356003571281,0.7,0.733108108108108,""
"471","Random Hills vs Mt. Billing",1,1.46066370890878,1.92496556164432,0.161423154783424,0.057,0.15208547008547,""
"472","Random Hills vs Anderson Ridge",1,1.41750604096916,2.13919604138805,0.416251107013671,0.1,0.198717948717949,""
"473","Random Hills vs Siegfried Peak",1,1.18630216794342,1.44865082740462,0.194484996138473,0.0172,0.0750985915492958,""
"474","Random Hills vs Convoy Range",1,1.07948893574767,1.25040727610287,0.238154339339364,0.2,0.300242130750605,""
"475","Random Hills vs Dufayel Island",1,1.03704377635811,1.12546117355032,0.360094434406898,0.25,0.361305361305361,""
"476","Random Hills vs Machu Picchu Base",1,0.934345821856005,1.00342845059182,0.250642283976247,0.5,0.552584670231729,""
"477","Random Hills vs Richard Nunatak",1,1.05974111658177,1.25128008655977,0.294330192573205,0.2,0.300242130750605,""
"478","Mt. McGee vs Harrow Peak",1,0.851669382379519,1.33705153654146,0.572110420175041,0.333333333333333,0.393216730038023,""
"479","Mt. McGee vs Starr Nunatak",1,1.24025162656862,1.69575224982273,0.253257914354227,0.0476190476190476,0.134811915633833,""
"480","Mt. McGee vs Kay Island",1,1.29446360930696,1.92059505291098,0.390317640907022,0.1,0.198717948717949,""
"481","Mt. McGee vs Inexpressible Island",1,1.35049880065345,1.62201150286338,0.188124488389363,0.0259,0.090561797752809,""
"482","Mt. McGee vs Ricker Hills",1,1.81548269749267,4.07675271638078,0.404570086328863,0.0362,0.114510204081633,""
"483","Mt. McGee vs Mt. Larsen",1,1.44138526473818,3.15290500395521,0.611869421527301,0.333333333333333,0.393216730038023,""
"484","Mt. McGee vs Mt. Nansen",1,1.23409499688836,1.59219333815488,0.346717400795371,0.1,0.198717948717949,""
"485","Mt. McGee vs Vegetation Island",1,1.17488132482371,1.41193698845859,0.260893094555546,0.0666666666666667,0.168021680216802,""
"486","Mt. McGee vs Widowmaker Pass",1,1.09529846870143,1.86625404526682,0.318133860358912,0.0666666666666667,0.168021680216802,""
"487","Mt. McGee vs Crater Circle",1,1.08762627107402,1.34748946804347,0.402537328618108,0.333333333333333,0.393216730038023,""
"488","Mt. McGee vs Mt. Billing",1,1.60173199218637,2.25875413281878,0.200622032080318,0.0186,0.0764,""
"489","Mt. McGee vs Anderson Ridge",1,1.44771600896473,3.70258604539356,0.649281925063531,0.333333333333333,0.393216730038023,""
"490","Mt. McGee vs Siegfried Peak",1,1.28560339453967,1.73378459167236,0.257475505500506,0.0476190476190476,0.134811915633833,""
"491","Mt. McGee vs Convoy Range",1,1.29700715751418,1.7313918718008,0.365937110836229,0.2,0.300242130750605,""
"492","Mt. McGee vs Dufayel Island",1,1.12100808904182,1.75989136035521,0.637666897195803,0.333333333333333,0.393216730038023,""
"493","Mt. McGee vs Machu Picchu Base",1,1.02580264583691,1.29230254865608,0.392522415409118,0.333333333333333,0.393216730038023,""
"494","Mt. McGee vs Richard Nunatak",1,1.17147806825053,1.75518825062157,0.467403531722024,0.333333333333333,0.393216730038023,""
"495","Harrow Peak vs Starr Nunatak",1,0.839506880183674,1.11194412362894,0.217518833683881,0.333333333333333,0.393216730038023,""
"496","Harrow Peak vs Kay Island",1,0.993467996515703,1.43461393273824,0.417692922940685,0.25,0.361305361305361,""
"497","Harrow Peak vs Inexpressible Island",1,1.03513706943526,1.19639607498011,0.166249336822865,0.3737,0.434348314606742,""
"498","Harrow Peak vs Ricker Hills",1,1.38793620153021,3.4101988886739,0.405483738709967,0.142857142857143,0.250201775625504,""
"499","Harrow Peak vs Mt. Larsen",1,1.2017862334024,4.33316114299648,0.81249394623802,0.333333333333333,0.393216730038023,""
"500","Harrow Peak vs Mt. Nansen",1,0.995656070990417,1.17947921862908,0.370966166949077,0.25,0.361305361305361,""
"501","Harrow Peak vs Vegetation Island",1,0.660710595644439,0.736455399712748,0.197100010820246,1,1,""
"502","Harrow Peak vs Widowmaker Pass",1,1.13266576385463,1.98642275334442,0.398366294155889,0.2,0.300242130750605,""
"503","Harrow Peak vs Crater Circle",1,0.966038356285157,0.988452014546385,0.497096237332071,0.666666666666667,0.701754385964912,""
"504","Harrow Peak vs Mt. Billing",1,1.10396365816548,1.53725376461068,0.161184110494666,0.3959,0.457091247672253,""
"505","Harrow Peak vs Anderson Ridge",1,1.23294394666081,8.50148481433389,0.894753291770629,0.333333333333333,0.393216730038023,""
"506","Harrow Peak vs Siegfried Peak",1,1.10206558424995,1.4356680413137,0.264119889294551,0.166666666666667,0.273356200527704,""
"507","Harrow Peak vs Convoy Range",1,1.04561411398149,1.29860791331622,0.393683622740927,0.5,0.552584670231729,""
"508","Harrow Peak vs Dufayel Island",1,0.947101944605262,NA,1,NA,NA,""
"509","Harrow Peak vs Machu Picchu Base",1,0.981233364176279,1.03224451418394,0.507933227020392,0.333333333333333,0.393216730038023,""
"510","Harrow Peak vs Richard Nunatak",1,1.08413276379867,1.55342397506747,0.608368994039238,0.333333333333333,0.393216730038023,""
"511","Starr Nunatak vs Kay Island",1,1.14269740693683,1.5564699947264,0.205978452347809,0.019,0.0764,""
"512","Starr Nunatak vs Inexpressible Island",1,1.51954815906819,1.85057159028849,0.15615884653235,0.0072,0.0449357798165138,"."
"513","Starr Nunatak vs Ricker Hills",1,2.80910986492038,5.00144285360629,0.357209103797334,0.0041,0.0353055555555556,"."
"514","Starr Nunatak vs Mt. Larsen",1,1.78131098919185,2.7011603748959,0.350747191773994,0.0476190476190476,0.134811915633833,""
"515","Starr Nunatak vs Mt. Nansen",1,1.34900172476329,1.71910918670164,0.222708235512887,0.0194,0.0766114649681529,""
"516","Starr Nunatak vs Vegetation Island",1,1.00055788914435,1.22630072637023,0.149070738739128,0.0805,0.186925373134328,""
"517","Starr Nunatak vs Widowmaker Pass",1,1.952522169761,2.8892182919434,0.292158409962211,0.0095,0.0499152542372881,"."
"518","Starr Nunatak vs Crater Circle",1,1.22381177168251,1.53080368815472,0.234397443446543,0.0476190476190476,0.134811915633833,""
"519","Starr Nunatak vs Mt. Billing",1,2.2924789498017,3.13856135712891,0.207322299859816,0.0038,0.0336571428571429,"."
"520","Starr Nunatak vs Anderson Ridge",1,1.84306909461047,2.91165297905317,0.368020815215486,0.0476190476190476,0.134811915633833,""
"521","Starr Nunatak vs Siegfried Peak",1,1.71507185679502,2.25278630911322,0.219724301394132,0.0083,0.0455398230088496,"."
"522","Starr Nunatak vs Convoy Range",1,1.5646846924364,2.02752805227014,0.252571904958559,0.0172,0.0750985915492958,""
"523","Starr Nunatak vs Dufayel Island",1,1.12515017251781,1.49028453734356,0.27144031009814,0.166666666666667,0.273356200527704,""
"524","Starr Nunatak vs Machu Picchu Base",1,1.25133019314201,1.57576709614125,0.239632437265901,0.0476190476190476,0.134811915633833,""
"525","Starr Nunatak vs Richard Nunatak",1,1.43314534673035,1.92737965136409,0.278226363843732,0.0476190476190476,0.134811915633833,""
"526","Kay Island vs Inexpressible Island",1,1.28565957378645,1.56399777609789,0.163529709302798,0.01,0.0516666666666667,""
"527","Kay Island vs Ricker Hills",1,2.3714320677232,4.85384326867072,0.409474223562518,0.0125,0.0610236220472441,""
"528","Kay Island vs Mt. Larsen",1,1.66527580363097,3.00529222502673,0.500440630099954,0.1,0.198717948717949,""
"529","Kay Island vs Mt. Nansen",1,1.36124001176293,1.77170120127662,0.306963430623322,0.1,0.198717948717949,""
"530","Kay Island vs Vegetation Island",1,1.12467273658136,1.37947721158713,0.216236717498037,0.0285714285714286,0.0947288006111535,""
"531","Kay Island vs Widowmaker Pass",1,1.83932491906071,2.97086180797913,0.372715257088661,0.0285714285714286,0.0947288006111535,""
"532","Kay Island vs Crater Circle",1,0.991198862896661,1.25876033692385,0.295569658149176,0.1,0.198717948717949,""
"533","Kay Island vs Mt. Billing",1,1.94760599721062,2.73151991270783,0.214547825509929,0.0051,0.0405384615384615,"."
"534","Kay Island vs Anderson Ridge",1,1.73527760339125,3.40245196604675,0.531429518579836,0.1,0.198717948717949,""
"535","Kay Island vs Siegfried Peak",1,1.56324478087305,2.10513097203439,0.259728186909977,0.0176,0.0763076923076923,""
"536","Kay Island vs Convoy Range",1,1.46133308289741,1.9514633291112,0.327896388030444,0.1,0.198717948717949,""
"537","Kay Island vs Dufayel Island",1,1.09253059675322,1.57766492885733,0.440976156300144,0.25,0.361305361305361,""
"538","Kay Island vs Machu Picchu Base",1,1.22916866508345,1.57883998871002,0.344812221567677,0.1,0.198717948717949,""
"539","Kay Island vs Richard Nunatak",1,1.41224322912105,2.03405741207198,0.404059240006716,0.1,0.198717948717949,""
"540","Inexpressible Island vs Ricker Hills",1,2.34453436937939,3.56891359677193,0.244967723438397,0.0063,0.0438876404494382,"."
"541","Inexpressible Island vs Mt. Larsen",1,1.46836828515427,1.87955523893861,0.21167222775938,0.0278,0.0945245901639344,""
"542","Inexpressible Island vs Mt. Nansen",1,1.16428795390752,1.35390704767254,0.144742409858501,0.1031,0.202284810126582,""
"543","Inexpressible Island vs Vegetation Island",1,1.10390179171275,1.26036574271019,0.122838286111356,0.1459,0.254095505617978,""
"544","Inexpressible Island vs Widowmaker Pass",1,1.61649327270578,2.10789287131903,0.18976532234675,0.0279,0.0945245901639344,""
"545","Inexpressible Island vs Crater Circle",1,0.965243215647989,1.0953379709652,0.135304785901929,0.3058,0.393216730038023,""
"546","Inexpressible Island vs Mt. Billing",1,1.80986988843676,2.31686701801029,0.141992149317204,0.0211,0.0797682926829268,""
"547","Inexpressible Island vs Anderson Ridge",1,1.40493419324545,1.84294993356798,0.208408952602131,0.0858,0.19344,""
"548","Inexpressible Island vs Siegfried Peak",1,1.59940615369344,1.93590366312896,0.162191629370228,0.0043,0.036027027027027,"."
"549","Inexpressible Island vs Convoy Range",1,1.26194799423103,1.48428722883399,0.156499607510988,0.0808,0.186925373134328,""
"550","Inexpressible Island vs Dufayel Island",1,0.999216468623961,1.15487957722295,0.161411462591128,0.374,0.434348314606742,""
"551","Inexpressible Island vs Machu Picchu Base",1,1.15520793103862,1.31661378655641,0.158311281531996,0.1102,0.210227692307692,""
"552","Inexpressible Island vs Richard Nunatak",1,1.27538177745655,1.51594620210244,0.178012656036763,0.0538,0.147488986784141,""
"553","Ricker Hills vs Mt. Larsen",1,0.680378155902267,1.76543932714398,0.227345711268764,0.2514,0.362483720930233,""
"554","Ricker Hills vs Mt. Nansen",1,0.905266775673342,1.70196009236969,0.195583532250631,0.0848,0.192813186813187,""
"555","Ricker Hills vs Vegetation Island",1,1.81263480128609,3.06808478270887,0.277201055371566,0.0101,0.0517520661157025,""
"556","Ricker Hills vs Widowmaker Pass",1,0.776734067310624,1.65898376519154,0.171755518543274,0.0887,0.195928825622776,""
"557","Ricker Hills vs Crater Circle",1,0.86721795725596,1.72735212145212,0.223537389561525,0.0723,0.173744186046512,""
"558","Ricker Hills vs Mt. Billing",1,0.84181272596569,1.40660993598532,0.0976364281559289,0.1076,0.207757763975155,""
"559","Ricker Hills vs Anderson Ridge",1,0.519450181184512,1.42967593868706,0.192427765421449,0.2835,0.393216730038023,""
"560","Ricker Hills vs Siegfried Peak",1,2.06950460784945,3.64812643504423,0.288432160587543,0.008,0.0450909090909091,"."
"561","Ricker Hills vs Convoy Range",1,0.812364284012272,1.5599505471,0.182238266274622,0.1079,0.207757763975155,""
"562","Ricker Hills vs Dufayel Island",1,1.42357451723922,3.49776324825405,0.411609872630036,0.142857142857143,0.250201775625504,""
"563","Ricker Hills vs Machu Picchu Base",1,1.45807028453221,2.93024414762927,0.328125871945748,0.0687,0.169269841269841,""
"564","Ricker Hills vs Richard Nunatak",1,1.11218812177325,2.44179604008336,0.289250774182321,0.0688,0.169269841269841,""
"565","Mt. Larsen vs Mt. Nansen",1,0.868830763772564,1.32602454111834,0.306522658046583,0.2,0.300242130750605,""
"566","Mt. Larsen vs Vegetation Island",1,1.27965597029927,1.72414201810918,0.30120531822142,0.133333333333333,0.242424242424242,""
"567","Mt. Larsen vs Widowmaker Pass",1,0.8310860927767,1.6722410438868,0.294811350742762,0.133333333333333,0.242424242424242,""
"568","Mt. Larsen vs Crater Circle",1,0.844291005493786,1.34583671167178,0.402242197587496,0.333333333333333,0.393216730038023,""
"569","Mt. Larsen vs Mt. Billing",1,0.846348068340942,1.2647859948927,0.12321601205539,0.1799,0.291221932114883,""
"570","Mt. Larsen vs Anderson Ridge",1,0.710058134741809,3.36223100311648,0.627020917443203,0.333333333333333,0.393216730038023,""
"571","Mt. Larsen vs Siegfried Peak",1,1.44791705413091,2.16244083945841,0.301913954743663,0.0476190476190476,0.134811915633833,""
"572","Mt. Larsen vs Convoy Range",1,0.82885855811857,1.3172460409332,0.305112571404077,0.2,0.300242130750605,""
"573","Mt. Larsen vs Dufayel Island",1,1.24088456489055,4.47413410977845,0.817322707126648,0.333333333333333,0.393216730038023,""
"574","Mt. Larsen vs Machu Picchu Base",1,1.26001146777763,2.05225525749215,0.506447675944838,0.333333333333333,0.393216730038023,""
"575","Mt. Larsen vs Richard Nunatak",1,0.869321265141968,1.78277489402907,0.471287598118274,0.333333333333333,0.393216730038023,""
"576","Mt. Nansen vs Vegetation Island",1,0.854440054529736,0.975444693625187,0.163242192613016,0.4,0.457564575645756,""
"577","Mt. Nansen vs Widowmaker Pass",1,0.778085800575078,1.14461107010244,0.186278847764951,0.314285714285714,0.393216730038023,""
"578","Mt. Nansen vs Crater Circle",1,0.684021152654221,0.769825300305031,0.204207155234154,0.6,0.65034965034965,""
"579","Mt. Nansen vs Mt. Billing",1,0.740676841271075,0.99641475737685,0.0906126932606297,0.3631,0.42395856873823,""
"580","Mt. Nansen vs Anderson Ridge",1,0.727020276221028,1.1896751637443,0.283954033964077,0.2,0.300242130750605,""
"581","Mt. Nansen vs Siegfried Peak",1,1.11681641777485,1.40809844063496,0.190075557434719,0.071,0.173307086614173,""
"582","Mt. Nansen vs Convoy Range",1,0.72908506810122,0.884098659604902,0.181015724951883,0.6,0.65034965034965,""
"583","Mt. Nansen vs Dufayel Island",1,1.06588310564985,1.26267192982738,0.387005484150588,0.25,0.361305361305361,""
"584","Mt. Nansen vs Machu Picchu Base",1,0.968673055938179,1.10123199391766,0.268512484919372,0.3,0.393216730038023,""
"585","Mt. Nansen vs Richard Nunatak",1,0.888396357210477,1.11691931521895,0.271299782604448,0.4,0.457564575645756,""
"586","Vegetation Island vs Widowmaker Pass",1,1.26694082819715,1.7268381685138,0.223485742920114,0.057,0.15208547008547,""
"587","Vegetation Island vs Crater Circle",1,0.911303461256714,0.993578466569842,0.198971233399351,0.533333333333333,0.585250737463127,""
"588","Vegetation Island vs Mt. Billing",1,1.27110649211096,1.65732896409822,0.130938286331906,0.0822,0.188059040590406,""
"589","Vegetation Island vs Anderson Ridge",1,1.24141872272395,1.75064972712552,0.304426423134032,0.266666666666667,0.381832178598922,""
"590","Vegetation Island vs Siegfried Peak",1,1.26995395435746,1.54281677395107,0.180598134640493,0.0081,0.0452432432432432,"."
"591","Vegetation Island vs Convoy Range",1,1.0707506785211,1.24453505461646,0.199299874807557,0.2,0.300242130750605,""
"592","Vegetation Island vs Dufayel Island",1,1.00260889923868,1.11754941196937,0.271411293504032,0.4,0.457564575645756,""
"593","Vegetation Island vs Machu Picchu Base",1,1.04124135031477,1.14358324266749,0.222332018111642,0.2,0.300242130750605,""
"594","Vegetation Island vs Richard Nunatak",1,1.12466771658175,1.32729709489967,0.249150192162254,0.2,0.300242130750605,""
"595","Widowmaker Pass vs Crater Circle",1,0.745496382527539,1.10939610242302,0.217128615629725,0.333333333333333,0.393216730038023,""
"596","Widowmaker Pass vs Mt. Billing",1,0.84842005669805,1.25173757404599,0.102168167288994,0.1819,0.293692708333333,""
"597","Widowmaker Pass vs Anderson Ridge",1,0.493514132708102,1.06381539865674,0.210081789106873,0.333333333333333,0.393216730038023,""
"598","Widowmaker Pass vs Siegfried Peak",1,1.40883313860268,2.06265209089595,0.227599169669994,0.0248,0.0878628571428571,""
"599","Widowmaker Pass vs Convoy Range",1,0.911684352601699,1.37261637990207,0.215392908983352,0.171428571428571,0.279699248120301,""
"600","Widowmaker Pass vs Dufayel Island",1,1.25787773163161,2.20601436608707,0.423743426537094,0.2,0.300242130750605,""
"601","Widowmaker Pass vs Machu Picchu Base",1,1.11293807675062,1.67284042673927,0.294885859798601,0.0666666666666667,0.168021680216802,""
"602","Widowmaker Pass vs Richard Nunatak",1,0.875154696435661,1.4534374140754,0.266517666513245,0.133333333333333,0.242424242424242,""
"603","Crater Circle vs Mt. Billing",1,0.670414615449319,0.89755005533,0.090684063259337,0.2971,0.393216730038023,""
"604","Crater Circle vs Anderson Ridge",1,0.594196651345774,1.05884246545976,0.346157893849107,0.333333333333333,0.393216730038023,""
"605","Crater Circle vs Siegfried Peak",1,1.08148557836817,1.33587494398195,0.210843009969888,0.0952380952380952,0.198717948717949,""
"606","Crater Circle vs Convoy Range",1,0.757935901855088,0.878703092634335,0.226545593114099,0.6,0.65034965034965,""
"607","Crater Circle vs Dufayel Island",1,1.00755850492534,1.03093549804436,0.507616071035774,0.333333333333333,0.393216730038023,""
"608","Crater Circle vs Machu Picchu Base",1,0.934229574855846,0.969164673465594,0.326409876194031,0.666666666666667,0.701754385964912,""
"609","Crater Circle vs Richard Nunatak",1,0.891789910285634,1.06468183186663,0.347403707881205,0.666666666666667,0.701754385964912,""
"610","Mt. Billing vs Anderson Ridge",1,0.551993080367406,0.843431710595413,0.0856847220962125,0.4546,0.51526873857404,""
"611","Mt. Billing vs Siegfried Peak",1,1.74882277405038,2.38052434184936,0.165538076725179,0.0187,0.0764,""
"612","Mt. Billing vs Convoy Range",1,0.702529912243231,0.955110539165486,0.0871840166058464,0.4151,0.473091911764706,""
"613","Mt. Billing vs Dufayel Island",1,1.18723520780788,1.65320821856929,0.171259977111974,0.1025,0.201746031746032,""
"614","Mt. Billing vs Machu Picchu Base",1,1.24549729337468,1.67412962086687,0.1568399186004,0.1433,0.250270422535211,""
"615","Mt. Billing vs Richard Nunatak",1,1.01651096598451,1.41992397885993,0.136270090044869,0.196,0.300242130750605,""
"616","Anderson Ridge vs Siegfried Peak",1,1.44222368181076,2.24257190626164,0.309637506577298,0.0476190476190476,0.134811915633833,""
"617","Anderson Ridge vs Convoy Range",1,0.795749703225505,1.35995491003798,0.311919489558697,0.2,0.300242130750605,""
"618","Anderson Ridge vs Dufayel Island",1,1.2843175895302,8.85572009477301,0.898536079516874,0.333333333333333,0.393216730038023,""
"619","Anderson Ridge vs Machu Picchu Base",1,1.23081808275652,2.24681955669147,0.529059341160677,0.333333333333333,0.393216730038023,""
"620","Anderson Ridge vs Richard Nunatak",1,1.01274222689274,2.40292164569267,0.545756168076128,0.333333333333333,0.393216730038023,""
"621","Siegfried Peak vs Convoy Range",1,1.18563483739501,1.51975502926631,0.202101667321813,0.0496,0.139149321266968,""
"622","Siegfried Peak vs Dufayel Island",1,1.13299655807401,1.47596202312436,0.269534744195,0.166666666666667,0.273356200527704,""
"623","Siegfried Peak vs Machu Picchu Base",1,1.15090736571903,1.43108071978545,0.222525697023624,0.0476190476190476,0.134811915633833,""
"624","Siegfried Peak vs Richard Nunatak",1,1.09477137130341,1.45255663861787,0.225113349633303,0.0952380952380952,0.198717948717949,""
"625","Convoy Range vs Dufayel Island",1,1.08737618906139,1.35047462059387,0.403069646399679,0.25,0.361305361305361,""
"626","Convoy Range vs Machu Picchu Base",1,1.05344310909429,1.23404866943187,0.291458309948397,0.3,0.393216730038023,""
"627","Convoy Range vs Richard Nunatak",1,0.931228142075782,1.21029866536958,0.287461475197589,0.3,0.393216730038023,""
"628","Dufayel Island vs Machu Picchu Base",1,1.01506420195371,1.06783410783306,0.516402212241327,0.333333333333333,0.393216730038023,""
"629","Dufayel Island vs Richard Nunatak",1,1.10070039233782,1.57716327364982,0.611976466441033,0.333333333333333,0.393216730038023,""
"630","Machu Picchu Base vs Richard Nunatak",1,1.0198604736902,1.23733351827503,0.382207613546821,0.333333333333333,0.393216730038023,""
