"","term","contrast","null.value","estimate","conf.low","conf.high","adj.p.value"
"1","group","Dufayel Island-Machu Picchu Base",0,-0.689413627559552,-1.53159517939395,0.152767924274845,0.325191648197521
"2","group","Helliwell Hills-Machu Picchu Base",0,0.0218579428243808,-0.553461583685387,0.597177469334149,1
"3","group","Crater Circle-Machu Picchu Base",0,0.00963017837251823,-0.678008179220673,0.69726853596571,1
"4","group","Mt. Burrow-Machu Picchu Base",0,0.00432534510300564,-0.683313012490186,0.691963702696197,1
"5","group","Archambault Ridge-Machu Picchu Base",0,-0.231654557894715,-0.919292915487906,0.455983799698477,0.999996946895354
"6","group","Random Hills-Machu Picchu Base",0,0.0942563166415287,-0.533468749791129,0.721981383074187,1
"7","group","Kay Island-Machu Picchu Base",0,-0.0120886368697625,-0.639813703302421,0.615636429562896,1
"8","group","Mt. New Zealand-Machu Picchu Base",0,0.036200110951942,-0.539119415557826,0.61151963746171,1
"9","group","Mt. Dickason-Machu Picchu Base",0,0.0712203625686673,-0.524291923723645,0.666732648860979,1
"10","group","Mt. Nansen-Machu Picchu Base",0,0.0583219403208131,-0.569403126111845,0.686047006753471,1
"11","group","Mt. Keinath-Machu Picchu Base",0,-0.689413627559554,-1.53159517939395,0.152767924274843,0.325191648197517
"12","group","Anderson Ridge-Machu Picchu Base",0,-0.420130416854658,-1.10776877444785,0.267507940738534,0.896146999944762
"13","group","Vegetation Island-Machu Picchu Base",0,0.128365770170193,-0.467146516122119,0.723878056462505,0.999999999985027
"14","group","Mt. Larsen-Machu Picchu Base",0,-0.317025184312221,-1.00466354190541,0.37061317328097,0.997847130933838
"15","group","Inexpressible Island-Machu Picchu Base",0,0.165629068100828,-0.385708176210101,0.716966312411756,0.999999826910774
"16","group","Mt. Billing-Machu Picchu Base",0,0.0540084051142166,-0.483543226471484,0.591560036699917,1
"17","group","Widowmaker Pass-Machu Picchu Base",0,-0.0520479713910902,-0.647560257683402,0.543464314901222,1
"18","group","Trio Nunatak-Machu Picchu Base",0,0.02774589535675,-0.515879958766206,0.571371749479706,1
"19","group","Unnamed Nunatak-Machu Picchu Base",0,0.023205454656635,-0.552114071853133,0.598524981166403,1
"20","group","Harrow Peak-Machu Picchu Base",0,-0.689413627559553,-1.53159517939395,0.152767924274844,0.325191648197517
"21","group","Mt. McGee-Machu Picchu Base",0,-0.125066335161274,-0.812704692754465,0.562572022431918,1
"22","group","Ricker Hills-Machu Picchu Base",0,-0.21701041944951,-0.778464787339108,0.344443948440088,0.999930173777727
"23","group","Mt. Bowen-Machu Picchu Base",0,-0.689413627559552,-1.53159517939395,0.152767924274845,0.325191648197521
"24","group","Pudding Butte-Machu Picchu Base",0,0.0655324723941149,-0.459659998343537,0.590724943131767,1
"25","group","Starr Nunatak-Machu Picchu Base",0,0.0833136403052201,-0.492005886204548,0.658633166814988,1
"26","group","Richard Nunatak-Machu Picchu Base",0,-0.0986942259031685,-0.78633258349636,0.588944131690023,1
"27","group","Schultz Peak-Machu Picchu Base",0,-0.0382109381563449,-0.725849295749536,0.649427419436847,1
"28","group","Battleship Promontory-Machu Picchu Base",0,0.121446743750914,-0.39428202444398,0.637175511945807,0.99999999979363
"29","group","Convoy Range-Machu Picchu Base",0,0.0276736826902247,-0.600051383742433,0.655398749122883,1
"30","group","Mt. Elektra-Machu Picchu Base",0,0.154041253298374,-0.365764485598908,0.673846992195656,0.999999878719902
"31","group","Siegfried Peak-Machu Picchu Base",0,0.0936437012543935,-0.481675825255374,0.668963227764161,1
"32","group","Linnaeus Terrace-Machu Picchu Base",0,0.13777202678868,-0.374763343716215,0.650307397293575,0.999999991190463
"33","group","Finger Mt.-Machu Picchu Base",0,0.0845625726116974,-0.444029237631459,0.613154382854853,1
"34","group","University Valley-Machu Picchu Base",0,0.096633869259062,-0.440917762326639,0.634185500844763,1
"35","group","Knobhead-Machu Picchu Base",0,-0.68941362755955,-1.53159517939395,0.152767924274847,0.325191648197528
"36","group","Helliwell Hills-Dufayel Island",0,0.711271570383933,-0.0419985093352566,1.46454165010312,0.0965510022586098
"37","group","Crater Circle-Dufayel Island",0,0.69904380593207,-0.143137745902327,1.54122535776647,0.296220791870345
"38","group","Mt. Burrow-Dufayel Island",0,0.693738972662558,-0.148442579171839,1.53592052449695,0.311987562277105
"39","group","Archambault Ridge-Dufayel Island",0,0.457759069664837,-0.38442248216956,1.29994062149923,0.973266538913054
"40","group","Random Hills-Dufayel Island",0,0.783669944201081,-0.0103464375220016,1.57768632592416,0.0586528022935106
"41","group","Kay Island-Dufayel Island",0,0.67732499068979,-0.116691391033293,1.47134137241287,0.24284246658385
"42","group","Mt. New Zealand-Dufayel Island",0,0.725613738511494,-0.0276563412076954,1.47888381823068,0.0776943904563667
"43","group","Mt. Dickason-Dufayel Island",0,0.76063399012822,-0.00816906562912301,1.52943704588556,0.0569650060583788
"44","group","Mt. Nansen-Dufayel Island",0,0.747735567880365,-0.0462808138427172,1.54175194960345,0.0993216128780426
"45","group","Mt. Keinath-Dufayel Island",0,-1.4432899320127e-15,-0.972467491316253,0.97246749131625,1
"46","group","Anderson Ridge-Dufayel Island",0,0.269283210704894,-0.572898341129503,1.11146476253929,0.999999151853214
"47","group","Vegetation Island-Dufayel Island",0,0.817779397729745,0.0489763419724023,1.58658245348709,0.0218603418205093
"48","group","Mt. Larsen-Dufayel Island",0,0.372388443247331,-0.469793108587066,1.21456999508173,0.998980460502733
"49","group","Inexpressible Island-Dufayel Island",0,0.85504269566038,0.119926369912475,1.59015902140828,0.00523052060596318
"50","group","Mt. Billing-Dufayel Island",0,0.743422032673769,0.018587560509827,1.46825650483771,0.0361659480729004
"51","group","Widowmaker Pass-Dufayel Island",0,0.637365656168462,-0.13143739958888,1.4061687119258,0.29869933610101
"52","group","Trio Nunatak-Dufayel Island",0,0.717159522916302,-0.0121910955708866,1.44651014140349,0.0613221432048602
"53","group","Unnamed Nunatak-Dufayel Island",0,0.712619082216187,-0.0406509975030024,1.46588916193538,0.0946321059976608
"54","group","Harrow Peak-Dufayel Island",0,-9.99200722162641e-16,-0.972467491316253,0.972467491316251,1
"55","group","Mt. McGee-Dufayel Island",0,0.564347292398279,-0.277834259436119,1.40652884423268,0.765229907152456
"56","group","Ricker Hills-Dufayel Island",0,0.472403208110042,-0.270331106863381,1.21513752308346,0.847787999339379
"57","group","Mt. Bowen-Dufayel Island",0,2.22044604925031e-16,-0.972467491316251,0.972467491316252,1
"58","group","Pudding Butte-Dufayel Island",0,0.754946099953667,0.0392294054884266,1.47066279441891,0.0246468194141466
"59","group","Starr Nunatak-Dufayel Island",0,0.772727267864772,0.0194571881455827,1.52599734758396,0.036079218429137
"60","group","Richard Nunatak-Dufayel Island",0,0.590719401656384,-0.251462150178013,1.43290095349078,0.67588634538846
"61","group","Schultz Peak-Dufayel Island",0,0.651202689403207,-0.19097886243119,1.4933842412376,0.453598975852513
"62","group","Battleship Promontory-Dufayel Island",0,0.810860371310466,0.102058976164722,1.51966176645621,0.00697212101994538
"63","group","Convoy Range-Dufayel Island",0,0.717087310249777,-0.0769290714733055,1.51110369197286,0.150100898233467
"64","group","Mt. Elektra-Dufayel Island",0,0.843454880857926,0.131681559071221,1.55522820264463,0.00374306403398961
"65","group","Siegfried Peak-Dufayel Island",0,0.783057328813946,0.0297872490947561,1.53632740853314,0.0301841396096421
"66","group","Linnaeus Terrace-Dufayel Island",0,0.827185654348232,0.120704400927223,1.53366690776924,0.00465175156511066
"67","group","Finger Mt.-Dufayel Island",0,0.77397620017125,0.0557613595609574,1.49219104078154,0.018064138519593
"68","group","University Valley-Dufayel Island",0,0.786047496818614,0.0612130246546725,1.51088196898256,0.0164359308390228
"69","group","Knobhead-Dufayel Island",0,2.1094237467878e-15,-0.97246749131625,0.972467491316254,1
"70","group","Crater Circle-Helliwell Hills",0,-0.0122277644518626,-0.58754729096163,0.563091762057905,1
"71","group","Mt. Burrow-Helliwell Hills",0,-0.0175325977213752,-0.592852124231143,0.557786928788393,1
"72","group","Archambault Ridge-Helliwell Hills",0,-0.253512500719096,-0.828832027228863,0.321807025790672,0.999043358182076
"73","group","Random Hills-Helliwell Hills",0,0.0723983738171479,-0.429781679328979,0.574578426963274,1
"74","group","Kay Island-Helliwell Hills",0,-0.0339465796941433,-0.53612663284027,0.468233473451983,1
"75","group","Mt. New Zealand-Helliwell Hills",0,0.0143421681275612,-0.420558515170804,0.449242851425926,1
"76","group","Mt. Dickason-Helliwell Hills",0,0.0493624197442865,-0.411919413710119,0.510644253198692,1
"77","group","Mt. Nansen-Helliwell Hills",0,0.0364639974964323,-0.465716055649694,0.538644050642559,1
"78","group","Mt. Keinath-Helliwell Hills",0,-0.711271570383935,-1.46454165010312,0.0419985093352552,0.0965510022586082
"79","group","Anderson Ridge-Helliwell Hills",0,-0.441988359679039,-1.01730788618881,0.133331166830729,0.468730802691927
"80","group","Vegetation Island-Helliwell Hills",0,0.106507827345812,-0.354774006108594,0.567789660800217,0.999999999883946
"81","group","Mt. Larsen-Helliwell Hills",0,-0.338883127136602,-0.91420265364637,0.236436399373166,0.929341861303821
"82","group","Inexpressible Island-Helliwell Hills",0,0.143771125276447,-0.258868668725996,0.54641091927889,0.999987985441016
"83","group","Mt. Billing-Helliwell Hills",0,0.0321504622898358,-0.351395888716676,0.415696813296348,1
"84","group","Widowmaker Pass-Helliwell Hills",0,-0.073905914215471,-0.535187747669877,0.387375919238935,1
"85","group","Trio Nunatak-Helliwell Hills",0,0.00588795253236918,-0.386126225809276,0.397902130874014,1
"86","group","Unnamed Nunatak-Helliwell Hills",0,0.00134751183225423,-0.433553171466111,0.436248195130619,1
"87","group","Harrow Peak-Helliwell Hills",0,-0.711271570383934,-1.46454165010312,0.0419985093352556,0.0965510022586085
"88","group","Mt. McGee-Helliwell Hills",0,-0.146924277985655,-0.722243804495422,0.428395248524113,0.999999997888873
"89","group","Ricker Hills-Helliwell Hills",0,-0.238868362273891,-0.6552540656455,0.177517341097718,0.947683112686412
"90","group","Mt. Bowen-Helliwell Hills",0,-0.711271570383933,-1.46454165010312,0.0419985093352568,0.0965510022586101
"91","group","Pudding Butte-Helliwell Hills",0,0.0436745295697341,-0.322348936986006,0.409697996125474,1
"92","group","Starr Nunatak-Helliwell Hills",0,0.0614556974808393,-0.373444985817526,0.496356380779204,1
"93","group","Richard Nunatak-Helliwell Hills",0,-0.120552168727549,-0.695871695237317,0.454767357782218,0.999999999993734
"94","group","Schultz Peak-Helliwell Hills",0,-0.0600688809807257,-0.635388407490493,0.515250645529042,1
"95","group","Battleship Promontory-Helliwell Hills",0,0.0995888009265328,-0.252721018825605,0.45189862067867,0.999999965356768
"96","group","Convoy Range-Helliwell Hills",0,0.00581573986584394,-0.496364313280283,0.50799579301197,1
"97","group","Mt. Elektra-Helliwell Hills",0,0.132183310473993,-0.226068071854828,0.490434692802814,0.999974737417799
"98","group","Siegfried Peak-Helliwell Hills",0,0.0717857584300127,-0.363114924868352,0.506686441728378,1
"99","group","Linnaeus Terrace-Helliwell Hills",0,0.115914083964299,-0.231704317114457,0.463532485043056,0.99999761617264
"100","group","Finger Mt.-Helliwell Hills",0,0.0627046297873166,-0.308179919103707,0.43358917867834,1
"101","group","University Valley-Helliwell Hills",0,0.0747759264346812,-0.308770424571831,0.458322277441193,1
"102","group","Knobhead-Helliwell Hills",0,-0.711271570383931,-1.46454165010312,0.0419985093352587,0.0965510022586127
"103","group","Mt. Burrow-Crater Circle",0,-0.00530483326951259,-0.692943190862704,0.682333524323679,1
"104","group","Archambault Ridge-Crater Circle",0,-0.241284736267233,-0.928923093860425,0.446353621325959,0.999991982762622
"105","group","Random Hills-Crater Circle",0,0.0846261382690104,-0.543098928163648,0.712351204701669,1
"106","group","Kay Island-Crater Circle",0,-0.0217188152422807,-0.649443881674939,0.606006251190377,1
"107","group","Mt. New Zealand-Crater Circle",0,0.0265699325794237,-0.548749593930344,0.601889459089191,1
"108","group","Mt. Dickason-Crater Circle",0,0.061590184196149,-0.533922102096163,0.657102470488461,1
"109","group","Mt. Nansen-Crater Circle",0,0.0486917619482948,-0.579033304484363,0.676416828380953,1
"110","group","Mt. Keinath-Crater Circle",0,-0.699043805932072,-1.54122535776647,0.143137745902325,0.296220791870341
"111","group","Anderson Ridge-Crater Circle",0,-0.429760595227176,-1.11739895282037,0.257877762366016,0.870486455508134
"112","group","Vegetation Island-Crater Circle",0,0.118735591797674,-0.476776694494638,0.714247878089986,1
"113","group","Mt. Larsen-Crater Circle",0,-0.326655362684739,-1.01429372027793,0.360982994908452,0.996417696244363
"114","group","Inexpressible Island-Crater Circle",0,0.155998889728309,-0.395338354582619,0.707336134039238,0.999999964448386
"115","group","Mt. Billing-Crater Circle",0,0.0443782267416983,-0.493173404844003,0.581929858327399,1
"116","group","Widowmaker Pass-Crater Circle",0,-0.0616781497636084,-0.65719043605592,0.533834136528704,1
"117","group","Trio Nunatak-Crater Circle",0,0.0181157169842318,-0.525510137138725,0.561741571107188,1
"118","group","Unnamed Nunatak-Crater Circle",0,0.0135752762841168,-0.561744250225651,0.588894802793885,1
"119","group","Harrow Peak-Crater Circle",0,-0.699043805932071,-1.54122535776647,0.143137745902326,0.296220791870341
"120","group","Mt. McGee-Crater Circle",0,-0.134696513533792,-0.822334871126984,0.5529418440594,1
"121","group","Ricker Hills-Crater Circle",0,-0.226640597822029,-0.788094965711627,0.334813770067569,0.999826647883747
"122","group","Mt. Bowen-Crater Circle",0,-0.69904380593207,-1.54122535776647,0.143137745902327,0.296220791870345
"123","group","Pudding Butte-Crater Circle",0,0.0559022940215966,-0.469290176716055,0.581094764759249,1
"124","group","Starr Nunatak-Crater Circle",0,0.0736834619327019,-0.501636064577066,0.64900298844247,1
"125","group","Richard Nunatak-Crater Circle",0,-0.108324404275687,-0.795962761868878,0.579313953317505,1
"126","group","Schultz Peak-Crater Circle",0,-0.0478411165288631,-0.735479474122055,0.639797241064328,1
"127","group","Battleship Promontory-Crater Circle",0,0.111816565378395,-0.403912202816498,0.627545333573289,0.999999999982177
"128","group","Convoy Range-Crater Circle",0,0.0180435043177065,-0.609681562114952,0.645768570750365,1
"129","group","Mt. Elektra-Crater Circle",0,0.144411074925856,-0.375394663971427,0.664216813823138,0.99999997829994
"130","group","Siegfried Peak-Crater Circle",0,0.0840135228818752,-0.491306003627892,0.659333049391643,1
"131","group","Linnaeus Terrace-Crater Circle",0,0.128141848416162,-0.384393522088733,0.640677218921057,0.999999998842775
"132","group","Finger Mt.-Crater Circle",0,0.0749323942391792,-0.453659416003977,0.603524204482335,1
"133","group","University Valley-Crater Circle",0,0.0870036908865438,-0.450547940699157,0.624555322472245,1
"134","group","Knobhead-Crater Circle",0,-0.699043805932068,-1.54122535776647,0.143137745902329,0.296220791870351
"135","group","Archambault Ridge-Mt. Burrow",0,-0.23597990299772,-0.923618260590912,0.451658454595471,0.999995248703405
"136","group","Random Hills-Mt. Burrow",0,0.089930971538523,-0.537794094894135,0.717656037971181,1
"137","group","Kay Island-Mt. Burrow",0,-0.0164139819727681,-0.644139048405426,0.61131108445989,1
"138","group","Mt. New Zealand-Mt. Burrow",0,0.0318747658489363,-0.543444760660831,0.607194292358704,1
"139","group","Mt. Dickason-Mt. Burrow",0,0.0668950174656616,-0.52861726882665,0.662407303757974,1
"140","group","Mt. Nansen-Mt. Burrow",0,0.0539965952178074,-0.573728471214851,0.681721661650466,1
"141","group","Mt. Keinath-Mt. Burrow",0,-0.693738972662559,-1.53592052449696,0.148442579171838,0.311987562277101
"142","group","Anderson Ridge-Mt. Burrow",0,-0.424455761957663,-1.11209411955085,0.263182595635528,0.885054740687067
"143","group","Vegetation Island-Mt. Burrow",0,0.124040425067187,-0.471471861225125,0.719552711359499,0.999999999994803
"144","group","Mt. Larsen-Mt. Burrow",0,-0.321350529415227,-1.00898888700842,0.366287828177965,0.997281340653344
"145","group","Inexpressible Island-Mt. Burrow",0,0.161303722997822,-0.390033521313106,0.71264096730875,0.999999913415585
"146","group","Mt. Billing-Mt. Burrow",0,0.0496830600112109,-0.48786857157449,0.587234691596912,1
"147","group","Widowmaker Pass-Mt. Burrow",0,-0.0563733164940958,-0.651885602786408,0.539138969798216,1
"148","group","Trio Nunatak-Mt. Burrow",0,0.0234205502537443,-0.520205303869212,0.567046404376701,1
"149","group","Unnamed Nunatak-Mt. Burrow",0,0.0188801095536294,-0.556439416956138,0.594199636063397,1
"150","group","Harrow Peak-Mt. Burrow",0,-0.693738972662559,-1.53592052449696,0.148442579171838,0.311987562277102
"151","group","Mt. McGee-Mt. Burrow",0,-0.129391680264279,-0.817030037857471,0.558246677328912,1
"152","group","Ricker Hills-Mt. Burrow",0,-0.221335764552516,-0.782790132442114,0.340118603337082,0.999893906554805
"153","group","Mt. Bowen-Mt. Burrow",0,-0.693738972662558,-1.53592052449695,0.148442579171839,0.311987562277106
"154","group","Pudding Butte-Mt. Burrow",0,0.0612071272911092,-0.463985343446543,0.586399598028761,1
"155","group","Starr Nunatak-Mt. Burrow",0,0.0789882952022145,-0.496331231307553,0.654307821711982,1
"156","group","Richard Nunatak-Mt. Burrow",0,-0.103019571006174,-0.790657928599366,0.584618786587017,1
"157","group","Schultz Peak-Mt. Burrow",0,-0.0425362832593505,-0.730174640852542,0.645102074333841,1
"158","group","Battleship Promontory-Mt. Burrow",0,0.117121398647908,-0.398607369546986,0.632850166842802,0.999999999928772
"159","group","Convoy Range-Mt. Burrow",0,0.0233483375872191,-0.604376728845439,0.651073404019877,1
"160","group","Mt. Elektra-Mt. Burrow",0,0.149715908195368,-0.370089830701914,0.669521647092651,0.999999942812429
"161","group","Siegfried Peak-Mt. Burrow",0,0.0893183561513878,-0.48600117035838,0.664637882661156,1
"162","group","Linnaeus Terrace-Mt. Burrow",0,0.133446681685674,-0.379088688819221,0.645982052190569,0.999999996365994
"163","group","Finger Mt.-Mt. Burrow",0,0.0802372275086918,-0.448354582734464,0.608829037751848,1
"164","group","University Valley-Mt. Burrow",0,0.0923085241560564,-0.445243107429644,0.629860155741757,1
"165","group","Knobhead-Mt. Burrow",0,-0.693738972662556,-1.53592052449695,0.148442579171841,0.311987562277111
"166","group","Random Hills-Archambault Ridge",0,0.325910874536244,-0.301814191896415,0.953635940968902,0.985774606121685
"167","group","Kay Island-Archambault Ridge",0,0.219565921024952,-0.408159145407706,0.84729098745761,0.999992553940795
"168","group","Mt. New Zealand-Archambault Ridge",0,0.267854668846657,-0.307464857663111,0.843174195356424,0.99745020662547
"169","group","Mt. Dickason-Archambault Ridge",0,0.302874920463382,-0.29263736582893,0.898387206755694,0.9894815047292
"170","group","Mt. Nansen-Archambault Ridge",0,0.289976498215528,-0.33774856821713,0.917701564648186,0.997771861365093
"171","group","Mt. Keinath-Archambault Ridge",0,-0.457759069664839,-1.29994062149924,0.384422482169558,0.973266538913053
"172","group","Anderson Ridge-Archambault Ridge",0,-0.188475858959943,-0.876114216553135,0.499162498633249,0.999999984970779
"173","group","Vegetation Island-Archambault Ridge",0,0.360020328064907,-0.235491958227405,0.955532614357219,0.906739476936213
"174","group","Mt. Larsen-Archambault Ridge",0,-0.0853706264175064,-0.773008984010698,0.602267731175685,1
"175","group","Inexpressible Island-Archambault Ridge",0,0.397283625995543,-0.154053618315386,0.948620870306471,0.617220713782897
"176","group","Mt. Billing-Archambault Ridge",0,0.285662963008931,-0.251888668576769,0.823214594594632,0.980267804769162
"177","group","Widowmaker Pass-Archambault Ridge",0,0.179606586503625,-0.415905699788687,0.775118872795937,0.999999808266751
"178","group","Trio Nunatak-Archambault Ridge",0,0.259400453251465,-0.284225400871491,0.803026307374421,0.996142014491674
"179","group","Unnamed Nunatak-Archambault Ridge",0,0.25486001255135,-0.320459513958418,0.830179539061118,0.99894527378084
"180","group","Harrow Peak-Archambault Ridge",0,-0.457759069664838,-1.29994062149924,0.384422482169559,0.973266538913053
"181","group","Mt. McGee-Archambault Ridge",0,0.106588222733441,-0.581050134859751,0.794226580326633,1
"182","group","Ricker Hills-Archambault Ridge",0,0.0146441384452045,-0.546810229444394,0.576098506334802,1
"183","group","Mt. Bowen-Archambault Ridge",0,-0.457759069664837,-1.29994062149923,0.38442248216956,0.973266538913054
"184","group","Pudding Butte-Archambault Ridge",0,0.29718703028883,-0.228005440448822,0.822379501026482,0.955559940563518
"185","group","Starr Nunatak-Archambault Ridge",0,0.314968198199935,-0.260351328309833,0.890287724709703,0.970629874162476
"186","group","Richard Nunatak-Archambault Ridge",0,0.132960331991546,-0.554678025601645,0.820598689584738,1
"187","group","Schultz Peak-Archambault Ridge",0,0.19344361973837,-0.494194737854822,0.881081977331561,0.999999969566862
"188","group","Battleship Promontory-Archambault Ridge",0,0.353101301645628,-0.162627466549265,0.868830069840522,0.724965816526041
"189","group","Convoy Range-Archambault Ridge",0,0.25932824058494,-0.368396825847719,0.887053307017598,0.9997231368482
"190","group","Mt. Elektra-Archambault Ridge",0,0.385695811193089,-0.134109927704194,0.905501550090371,0.550193462575069
"191","group","Siegfried Peak-Archambault Ridge",0,0.325298259149108,-0.250021267360659,0.900617785658876,0.955977408450006
"192","group","Linnaeus Terrace-Archambault Ridge",0,0.369426584683395,-0.1431087858215,0.88196195518829,0.616596865522316
"193","group","Finger Mt.-Archambault Ridge",0,0.316217130506412,-0.212374679736744,0.844808940749568,0.916466561762828
"194","group","University Valley-Archambault Ridge",0,0.328288427153777,-0.209263204431924,0.865840058739478,0.896599335274725
"195","group","Knobhead-Archambault Ridge",0,-0.457759069664835,-1.29994062149923,0.384422482169562,0.973266538913055
"196","group","Kay Island-Random Hills",0,-0.106344953511291,-0.667799321400889,0.455109414378307,1
"197","group","Mt. New Zealand-Random Hills",0,-0.0580562056895867,-0.560236258835713,0.44412384745654,1
"198","group","Mt. Dickason-Random Hills",0,-0.0230359540728614,-0.548228424810513,0.502156516664791,1
"199","group","Mt. Nansen-Random Hills",0,-0.0359343763207156,-0.597388744210314,0.525519991568882,1
"200","group","Mt. Keinath-Random Hills",0,-0.783669944201082,-1.57768632592416,0.0103464375220002,0.0586528022935084
"201","group","Anderson Ridge-Random Hills",0,-0.514386733496186,-1.14211179992884,0.113338332936472,0.323007467547242
"202","group","Vegetation Island-Random Hills",0,0.0341094535286639,-0.491083017208988,0.559301924266316,1
"203","group","Mt. Larsen-Random Hills",0,-0.41128150095375,-1.03900656738641,0.216443565478908,0.803553668846323
"204","group","Inexpressible Island-Random Hills",0,0.071372751459299,-0.403142796398505,0.545888299317103,1
"205","group","Mt. Billing-Random Hills",0,-0.0402479115273121,-0.498673483256106,0.418177660201482,1
"206","group","Widowmaker Pass-Random Hills",0,-0.146304288032619,-0.671496758770271,0.378888182705033,0.999999976643456
"207","group","Trio Nunatak-Random Hills",0,-0.0665104212847787,-0.532043790083769,0.399022947514212,1
"208","group","Unnamed Nunatak-Random Hills",0,-0.0710508619848936,-0.57323091513102,0.431129191161233,1
"209","group","Harrow Peak-Random Hills",0,-0.783669944201082,-1.57768632592416,0.0103464375220006,0.0586528022935087
"210","group","Mt. McGee-Random Hills",0,-0.219322651802802,-0.847047718235461,0.408402414629856,0.999992744581537
"211","group","Ricker Hills-Random Hills",0,-0.311266736091039,-0.797500481749165,0.174967009567087,0.838773735645395
"212","group","Mt. Bowen-Random Hills",0,-0.783669944201081,-1.57768632592416,0.0103464375220018,0.0586528022935104
"213","group","Pudding Butte-Random Hills",0,-0.0287238442474138,-0.472592495442722,0.415144806947895,1
"214","group","Starr Nunatak-Random Hills",0,-0.0109426763363085,-0.513122729482435,0.491237376809818,1
"215","group","Richard Nunatak-Random Hills",0,-0.192950542544697,-0.820675608977355,0.434774523887961,0.999999687282601
"216","group","Schultz Peak-Random Hills",0,-0.132467254797874,-0.760192321230532,0.495257811634785,0.999999999992191
"217","group","Battleship Promontory-Random Hills",0,0.0271904271093849,-0.405439218821457,0.459820073040226,1
"218","group","Convoy Range-Random Hills",0,-0.0665826339513039,-0.628037001840902,0.494871733938294,1
"219","group","Mt. Elektra-Random Hills",0,0.0597849366568454,-0.377696782258326,0.497266655572016,1
"220","group","Siegfried Peak-Random Hills",0,-0.000612615387135196,-0.502792668533262,0.501567437758991,1
"221","group","Linnaeus Terrace-Random Hills",0,0.0435157101471514,-0.385302146539126,0.472333566833429,1
"222","group","Finger Mt.-Random Hills",0,-0.00969374402983125,-0.457579387973193,0.43819189991353,1
"223","group","University Valley-Random Hills",0,0.00237755261753336,-0.456048019111261,0.460803124346328,1
"224","group","Knobhead-Random Hills",0,-0.783669944201079,-1.57768632592416,0.0103464375220037,0.0586528022935124
"225","group","Mt. New Zealand-Kay Island",0,0.0482887478217044,-0.453891305324422,0.550468800967831,1
"226","group","Mt. Dickason-Kay Island",0,0.0833089994384297,-0.441883471299222,0.608501470176082,1
"227","group","Mt. Nansen-Kay Island",0,0.0704105771905755,-0.491043790699022,0.631864945080173,1
"228","group","Mt. Keinath-Kay Island",0,-0.677324990689791,-1.47134137241287,0.116691391033291,0.242842466583846
"229","group","Anderson Ridge-Kay Island",0,-0.408041779984895,-1.03576684641755,0.219683286447763,0.8160520337056
"230","group","Vegetation Island-Kay Island",0,0.140454407039955,-0.384738063697697,0.665646877777607,0.999999992349347
"231","group","Mt. Larsen-Kay Island",0,-0.304936547442459,-0.932661613875117,0.322788518990199,0.994835058565494
"232","group","Inexpressible Island-Kay Island",0,0.17771770497059,-0.296797842887213,0.652233252828394,0.999964794080437
"233","group","Mt. Billing-Kay Island",0,0.066097041983979,-0.392328529744815,0.524522613712773,1
"234","group","Widowmaker Pass-Kay Island",0,-0.0399593345213277,-0.56515180525898,0.485233136216324,1
"235","group","Trio Nunatak-Kay Island",0,0.0398345322265125,-0.425698836572478,0.505367901025503,1
"236","group","Unnamed Nunatak-Kay Island",0,0.0352940915263975,-0.466885961619729,0.537474144672524,1
"237","group","Harrow Peak-Kay Island",0,-0.677324990689791,-1.47134137241287,0.116691391033292,0.242842466583848
"238","group","Mt. McGee-Kay Island",0,-0.112977698291511,-0.740702764724169,0.514747368141147,1
"239","group","Ricker Hills-Kay Island",0,-0.204921782579748,-0.691155528237874,0.281311963078378,0.999589575231815
"240","group","Mt. Bowen-Kay Island",0,-0.67732499068979,-1.47134137241287,0.116691391033293,0.242842466583851
"241","group","Pudding Butte-Kay Island",0,0.0776211092638773,-0.366247541931431,0.521489760459186,1
"242","group","Starr Nunatak-Kay Island",0,0.0954022771749826,-0.406777775971144,0.597582330321109,1
"243","group","Richard Nunatak-Kay Island",0,-0.086605589033406,-0.714330655466064,0.541119477399252,1
"244","group","Schultz Peak-Kay Island",0,-0.0261223012865824,-0.653847367719241,0.601602765146076,1
"245","group","Battleship Promontory-Kay Island",0,0.133535380620676,-0.299094265310166,0.566165026551518,0.999999652226407
"246","group","Convoy Range-Kay Island",0,0.0397623195599872,-0.521692048329611,0.601216687449585,1
"247","group","Mt. Elektra-Kay Island",0,0.166129890168137,-0.271351828747035,0.603611609083308,0.999952328496038
"248","group","Siegfried Peak-Kay Island",0,0.105732338124156,-0.396447715021971,0.607912391270282,0.999999999992719
"249","group","Linnaeus Terrace-Kay Island",0,0.149860663658443,-0.278957193027835,0.57867852034472,0.999992705072207
"250","group","Finger Mt.-Kay Island",0,0.0966512094814599,-0.351234434461902,0.544536853424821,0.999999999984521
"251","group","University Valley-Kay Island",0,0.108722506128825,-0.34970306559997,0.567148077857619,0.999999999746217
"252","group","Knobhead-Kay Island",0,-0.677324990689788,-1.47134137241287,0.116691391033295,0.242842466583857
"253","group","Mt. Dickason-Mt. New Zealand",0,0.0350202516167253,-0.42626158183768,0.496302085071131,1
"254","group","Mt. Nansen-Mt. New Zealand",0,0.0221218293688711,-0.480058223777255,0.524301882514998,1
"255","group","Mt. Keinath-Mt. New Zealand",0,-0.725613738511496,-1.47888381823069,0.027656341207694,0.0776943904563652
"256","group","Anderson Ridge-Mt. New Zealand",0,-0.4563305278066,-1.03165005431637,0.118988998703168,0.394814517745478
"257","group","Vegetation Island-Mt. New Zealand",0,0.0921656592182506,-0.369116174236155,0.553447492672656,1
"258","group","Mt. Larsen-Mt. New Zealand",0,-0.353225295264163,-0.928544821773931,0.222094231245605,0.890966352025091
"259","group","Inexpressible Island-Mt. New Zealand",0,0.129428957148886,-0.273210836853557,0.532068751151329,0.999999031513427
"260","group","Mt. Billing-Mt. New Zealand",0,0.0178082941622746,-0.365738056844237,0.401354645168786,1
"261","group","Widowmaker Pass-Mt. New Zealand",0,-0.0882480823430322,-0.549529915797438,0.373033751111373,1
"262","group","Trio Nunatak-Mt. New Zealand",0,-0.00845421559519199,-0.400468393936837,0.383559962746453,1
"263","group","Unnamed Nunatak-Mt. New Zealand",0,-0.0129946562953069,-0.447895339593672,0.421906027003058,1
"264","group","Harrow Peak-Mt. New Zealand",0,-0.725613738511495,-1.47888381823068,0.0276563412076944,0.0776943904563649
"265","group","Mt. McGee-Mt. New Zealand",0,-0.161266446113216,-0.736585972622983,0.414053080396552,0.999999972375303
"266","group","Ricker Hills-Mt. New Zealand",0,-0.253210530401452,-0.669596233773061,0.163175172970156,0.90095729471398
"267","group","Mt. Bowen-Mt. New Zealand",0,-0.725613738511494,-1.47888381823068,0.0276563412076957,0.0776943904563671
"268","group","Pudding Butte-Mt. New Zealand",0,0.0293323614421729,-0.336691105113567,0.395355827997913,1
"269","group","Starr Nunatak-Mt. New Zealand",0,0.0471135293532782,-0.387787153945087,0.482014212651643,1
"270","group","Richard Nunatak-Mt. New Zealand",0,-0.13489433685511,-0.710213863364878,0.440425189654657,0.999999999818087
"271","group","Schultz Peak-Mt. New Zealand",0,-0.0744110491082869,-0.649730575618055,0.500908477401481,1
"272","group","Battleship Promontory-Mt. New Zealand",0,0.0852466327989716,-0.267063186953166,0.437556452551109,0.999999999546791
"273","group","Convoy Range-Mt. New Zealand",0,-0.00852642826171723,-0.510706481407844,0.493653624884409,1
"274","group","Mt. Elektra-Mt. New Zealand",0,0.117841142346432,-0.240410239982389,0.476092524675253,0.999998290502735
"275","group","Siegfried Peak-Mt. New Zealand",0,0.0574435903024515,-0.377457092995914,0.492344273600817,1
"276","group","Linnaeus Terrace-Mt. New Zealand",0,0.101571915836738,-0.246046485242019,0.449190316915495,0.999999916292327
"277","group","Finger Mt.-Mt. New Zealand",0,0.0483624616597554,-0.322522087231268,0.419247010550779,1
"278","group","University Valley-Mt. New Zealand",0,0.0604337583071201,-0.323112592699392,0.443980109313632,1
"279","group","Knobhead-Mt. New Zealand",0,-0.725613738511492,-1.47888381823068,0.0276563412076976,0.0776943904563696
"280","group","Mt. Nansen-Mt. Dickason",0,-0.0128984222478542,-0.538090892985506,0.512294048489798,1
"281","group","Mt. Keinath-Mt. Dickason",0,-0.760633990128221,-1.52943704588556,0.00816906562912156,0.0569650060583785
"282","group","Anderson Ridge-Mt. Dickason",0,-0.491350779423325,-1.08686306571564,0.104161506868987,0.308571245874121
"283","group","Vegetation Island-Mt. Dickason",0,0.0571454076015253,-0.429088338056601,0.543379153259651,1
"284","group","Mt. Larsen-Mt. Dickason",0,-0.388245546880888,-0.9837578331732,0.207266739411424,0.811452046539919
"285","group","Inexpressible Island-Mt. Dickason",0,0.0944087055321604,-0.336591444416773,0.525408855481094,0.999999999975675
"286","group","Mt. Billing-Mt. Dickason",0,-0.0172119574544507,-0.430431183667467,0.396007268758565,1
"287","group","Widowmaker Pass-Mt. Dickason",0,-0.123268333959757,-0.609502079617883,0.362965411698368,0.99999999828305
"288","group","Trio Nunatak-Mt. Dickason",0,-0.0434744672119173,-0.464565243129116,0.377616308705281,1
"289","group","Unnamed Nunatak-Mt. Dickason",0,-0.0480149079120322,-0.509296741366438,0.413266925542373,1
"290","group","Harrow Peak-Mt. Dickason",0,-0.760633990128221,-1.52943704588556,0.00816906562912201,0.0569650060583786
"291","group","Mt. McGee-Mt. Dickason",0,-0.196286697729941,-0.791798984022253,0.399225588562371,0.999998202460558
"292","group","Ricker Hills-Mt. Dickason",0,-0.288230782018178,-0.732099433213486,0.155637869177131,0.817648863898234
"293","group","Mt. Bowen-Mt. Dickason",0,-0.760633990128219,-1.52943704588556,0.00816906562912323,0.0569650060583784
"294","group","Pudding Butte-Mt. Dickason",0,-0.0056878901745524,-0.402696081036094,0.391320300686989,1
"295","group","Starr Nunatak-Mt. Dickason",0,0.0120932777365529,-0.449188555717853,0.473375111190958,1
"296","group","Richard Nunatak-Mt. Dickason",0,-0.169914588471836,-0.765426874764148,0.425597697820476,0.999999955506725
"297","group","Schultz Peak-Mt. Dickason",0,-0.109431300725012,-0.704943587017324,0.4860809855673,1
"298","group","Battleship Promontory-Mt. Dickason",0,0.0502263811822463,-0.334175146696425,0.434627909060918,1
"299","group","Convoy Range-Mt. Dickason",0,-0.0435466798784425,-0.568739150616094,0.481645790859209,1
"300","group","Mt. Elektra-Mt. Dickason",0,0.0828208907297068,-0.307033413443255,0.472675194902669,0.999999999990411
"301","group","Siegfried Peak-Mt. Dickason",0,0.0224233386857262,-0.438858494768679,0.483705172140132,1
"302","group","Linnaeus Terrace-Mt. Dickason",0,0.0665516642200128,-0.313554739712129,0.446658068152155,1
"303","group","Finger Mt.-Mt. Dickason",0,0.0133422100430302,-0.388152091470417,0.414836511556478,1
"304","group","University Valley-Mt. Dickason",0,0.0254135066903948,-0.387805719522621,0.438632732903411,1
"305","group","Knobhead-Mt. Dickason",0,-0.760633990128217,-1.52943704588556,0.00816906562912512,0.0569650060583803
"306","group","Mt. Keinath-Mt. Nansen",0,-0.747735567880367,-1.54175194960345,0.0462808138427158,0.0993216128780411
"307","group","Anderson Ridge-Mt. Nansen",0,-0.478452357175471,-1.10617742360813,0.149272709257187,0.487274283922129
"308","group","Vegetation Island-Mt. Nansen",0,0.0700438298493795,-0.455148640888272,0.595236300587031,1
"309","group","Mt. Larsen-Mt. Nansen",0,-0.375347124633034,-1.00307219106569,0.252377941799624,0.916876485379343
"310","group","Inexpressible Island-Mt. Nansen",0,0.107307127780015,-0.367208420077789,0.581822675637818,0.999999999937159
"311","group","Mt. Billing-Mt. Nansen",0,-0.0043135352065965,-0.462739106935391,0.454112036522198,1
"312","group","Widowmaker Pass-Mt. Nansen",0,-0.110369911711903,-0.635562382449555,0.414822559025749,0.99999999999312
"313","group","Trio Nunatak-Mt. Nansen",0,-0.0305760449640631,-0.496109413763053,0.434957323834927,1
"314","group","Unnamed Nunatak-Mt. Nansen",0,-0.035116485664178,-0.537296538810304,0.467063567481948,1
"315","group","Harrow Peak-Mt. Nansen",0,-0.747735567880366,-1.54175194960345,0.0462808138427162,0.0993216128780416
"316","group","Mt. McGee-Mt. Nansen",0,-0.183388275482087,-0.811113341914745,0.444336790950571,0.999999916641575
"317","group","Ricker Hills-Mt. Nansen",0,-0.275332359770323,-0.761566105428449,0.210901385887802,0.955186519399599
"318","group","Mt. Bowen-Mt. Nansen",0,-0.747735567880365,-1.54175194960345,0.0462808138427174,0.0993216128780432
"319","group","Pudding Butte-Mt. Nansen",0,0.0072105320733018,-0.436658119122007,0.45107918326861,1
"320","group","Starr Nunatak-Mt. Nansen",0,0.0249916999844071,-0.477188353161719,0.527171753130534,1
"321","group","Richard Nunatak-Mt. Nansen",0,-0.157016166223982,-0.78474123265664,0.470708900208677,0.999999998826919
"322","group","Schultz Peak-Mt. Nansen",0,-0.096532878477158,-0.724257944909816,0.5311921879555,1
"323","group","Battleship Promontory-Mt. Nansen",0,0.0631248034301005,-0.369504842500741,0.495754449360942,1
"324","group","Convoy Range-Mt. Nansen",0,-0.0306482576305883,-0.592102625520186,0.53080611025901,1
"325","group","Mt. Elektra-Mt. Nansen",0,0.095719312977561,-0.34176240593761,0.533201031892732,0.999999999976518
"326","group","Siegfried Peak-Mt. Nansen",0,0.0353217609335804,-0.466858292212546,0.537501814079707,1
"327","group","Linnaeus Terrace-Mt. Nansen",0,0.079450086467867,-0.349367770218411,0.508267943154145,1
"328","group","Finger Mt.-Mt. Nansen",0,0.0262406322908844,-0.421645011652477,0.474126276234246,1
"329","group","University Valley-Mt. Nansen",0,0.038311928938249,-0.420113642790545,0.496737500667043,1
"330","group","Knobhead-Mt. Nansen",0,-0.747735567880363,-1.54175194960345,0.0462808138427193,0.099321612878046
"331","group","Anderson Ridge-Mt. Keinath",0,0.269283210704896,-0.572898341129501,1.11146476253929,0.999999151853214
"332","group","Vegetation Island-Mt. Keinath",0,0.817779397729746,0.0489763419724037,1.58658245348709,0.0218603418205089
"333","group","Mt. Larsen-Mt. Keinath",0,0.372388443247333,-0.469793108587065,1.21456999508173,0.998980460502733
"334","group","Inexpressible Island-Mt. Keinath",0,0.855042695660381,0.119926369912477,1.59015902140829,0.00523052060596352
"335","group","Mt. Billing-Mt. Keinath",0,0.74342203267377,0.0185875605098285,1.46825650483771,0.0361659480728999
"336","group","Widowmaker Pass-Mt. Keinath",0,0.637365656168464,-0.131437399588879,1.40616871192581,0.298699336101005
"337","group","Trio Nunatak-Mt. Keinath",0,0.717159522916304,-0.0121910955708852,1.44651014140349,0.0613221432048598
"338","group","Unnamed Nunatak-Mt. Keinath",0,0.712619082216189,-0.0406509975030009,1.46588916193538,0.0946321059976579
"339","group","Harrow Peak-Mt. Keinath",0,4.44089209850063e-16,-0.972467491316251,0.972467491316252,1
"340","group","Mt. McGee-Mt. Keinath",0,0.56434729239828,-0.277834259436117,1.40652884423268,0.765229907152452
"341","group","Ricker Hills-Mt. Keinath",0,0.472403208110043,-0.270331106863379,1.21513752308347,0.847787999339375
"342","group","Mt. Bowen-Mt. Keinath",0,1.66533453693773e-15,-0.97246749131625,0.972467491316253,1
"343","group","Pudding Butte-Mt. Keinath",0,0.754946099953669,0.039229405488428,1.47066279441891,0.0246468194141461
"344","group","Starr Nunatak-Mt. Keinath",0,0.772727267864774,0.0194571881455842,1.52599734758396,0.0360792184291352
"345","group","Richard Nunatak-Mt. Keinath",0,0.590719401656385,-0.251462150178012,1.43290095349078,0.675886345388455
"346","group","Schultz Peak-Mt. Keinath",0,0.651202689403209,-0.190978862431188,1.49338424123761,0.453598975852508
"347","group","Battleship Promontory-Mt. Keinath",0,0.810860371310467,0.102058976164723,1.51966176645621,0.00697212101994293
"348","group","Convoy Range-Mt. Keinath",0,0.717087310249778,-0.0769290714733041,1.51110369197286,0.150100898233465
"349","group","Mt. Elektra-Mt. Keinath",0,0.843454880857928,0.131681559071222,1.55522820264463,0.00374306403399005
"350","group","Siegfried Peak-Mt. Keinath",0,0.783057328813947,0.0297872490947575,1.53632740853314,0.0301841396096416
"351","group","Linnaeus Terrace-Mt. Keinath",0,0.827185654348234,0.120704400927224,1.53366690776924,0.00465175156510977
"352","group","Finger Mt.-Mt. Keinath",0,0.773976200171251,0.0557613595609588,1.49219104078154,0.0180641385195923
"353","group","University Valley-Mt. Keinath",0,0.786047496818616,0.0612130246546739,1.51088196898256,0.0164359308390238
"354","group","Knobhead-Mt. Keinath",0,3.5527136788005e-15,-0.972467491316248,0.972467491316255,1
"355","group","Vegetation Island-Anderson Ridge",0,0.54849618702485,-0.0470160992674616,1.14400847331716,0.124434650260842
"356","group","Mt. Larsen-Anderson Ridge",0,0.103105232542437,-0.584533125050755,0.790743590135628,1
"357","group","Inexpressible Island-Anderson Ridge",0,0.585759484955485,0.034422240644557,1.13709672926641,0.0222401620525104
"358","group","Mt. Billing-Anderson Ridge",0,0.474138821968874,-0.0634128096168265,1.01169045355458,0.185240343993149
"359","group","Widowmaker Pass-Anderson Ridge",0,0.368082445463568,-0.227429840828744,0.96359473175588,0.883542274314706
"360","group","Trio Nunatak-Anderson Ridge",0,0.447876312211408,-0.0957495419115485,0.991502166334364,0.311661751003693
"361","group","Unnamed Nunatak-Anderson Ridge",0,0.443335871511293,-0.131983654998475,1.01865539802106,0.461602191723078
"362","group","Harrow Peak-Anderson Ridge",0,-0.269283210704895,-1.11146476253929,0.572898341129502,0.999999151853214
"363","group","Mt. McGee-Anderson Ridge",0,0.295064081693384,-0.392574275899808,0.982702439286576,0.999419155012649
"364","group","Ricker Hills-Anderson Ridge",0,0.203119997405147,-0.35833437048445,0.764574365294745,0.999983794004855
"365","group","Mt. Bowen-Anderson Ridge",0,-0.269283210704894,-1.11146476253929,0.572898341129503,0.999999151853214
"366","group","Pudding Butte-Anderson Ridge",0,0.485662889248773,-0.0395295814888794,1.01085535998642,0.119619698890583
"367","group","Starr Nunatak-Anderson Ridge",0,0.503444057159878,-0.0718754693498898,1.07876358366965,0.198084451347595
"368","group","Richard Nunatak-Anderson Ridge",0,0.321436190951489,-0.366202166641702,1.00907454854468,0.997268959012324
"369","group","Schultz Peak-Anderson Ridge",0,0.381919478698313,-0.305718878894879,1.0695578362915,0.964695464056197
"370","group","Battleship Promontory-Anderson Ridge",0,0.541577160605571,0.0258483924106776,1.05730592880047,0.0262422082063257
"371","group","Convoy Range-Anderson Ridge",0,0.447804099544883,-0.179920966887776,1.07552916597754,0.639507226778549
"372","group","Mt. Elektra-Anderson Ridge",0,0.574171670153032,0.0543659312557494,1.09397740905031,0.0123756000701993
"373","group","Siegfried Peak-Anderson Ridge",0,0.513774118109051,-0.0615454084007164,1.08909364461882,0.1662301971735
"374","group","Linnaeus Terrace-Anderson Ridge",0,0.557902443643338,0.0453670731384428,1.07043781414823,0.015529591414395
"375","group","Finger Mt.-Anderson Ridge",0,0.504692989466355,-0.0238988207768008,1.03328479970951,0.0856901801090129
"376","group","University Valley-Anderson Ridge",0,0.51676428611372,-0.020787345471981,1.05431591769942,0.0794766408236507
"377","group","Knobhead-Anderson Ridge",0,-0.269283210704892,-1.11146476253929,0.572898341129505,0.999999151853214
"378","group","Mt. Larsen-Vegetation Island",0,-0.445390954482414,-1.04090324077473,0.150121331809898,0.53167335218828
"379","group","Inexpressible Island-Vegetation Island",0,0.0372632979306351,-0.393736852018298,0.468263447879568,1
"380","group","Mt. Billing-Vegetation Island",0,-0.074357365055976,-0.487576591268992,0.33886186115704,1
"381","group","Widowmaker Pass-Vegetation Island",0,-0.180413741561283,-0.666647487219409,0.305820004096843,0.999971372057799
"382","group","Trio Nunatak-Vegetation Island",0,-0.100619874813443,-0.521710650730641,0.320470901103756,0.999999999684544
"383","group","Unnamed Nunatak-Vegetation Island",0,-0.105160315513558,-0.566442148967963,0.356121517940848,0.999999999920203
"384","group","Harrow Peak-Vegetation Island",0,-0.817779397729746,-1.58658245348709,-0.0489763419724033,0.0218603418205089
"385","group","Mt. McGee-Vegetation Island",0,-0.253432105331466,-0.848944391623778,0.342080180960846,0.999504264841313
"386","group","Ricker Hills-Vegetation Island",0,-0.345376189619703,-0.789244840815011,0.0984924615756056,0.43896350655221
"387","group","Mt. Bowen-Vegetation Island",0,-0.817779397729745,-1.58658245348709,-0.0489763419724021,0.02186034182051
"388","group","Pudding Butte-Vegetation Island",0,-0.0628332977760777,-0.459841488637619,0.334174893085464,1
"389","group","Starr Nunatak-Vegetation Island",0,-0.0450521298649724,-0.506333963319378,0.416229703589433,1
"390","group","Richard Nunatak-Vegetation Island",0,-0.227059996073361,-0.822572282365673,0.368452290218951,0.999947934899361
"391","group","Schultz Peak-Vegetation Island",0,-0.166576708326537,-0.762088994618849,0.428935577965775,0.999999973897188
"392","group","Battleship Promontory-Vegetation Island",0,-0.006919026419279,-0.39132055429795,0.377482501459392,1
"393","group","Convoy Range-Vegetation Island",0,-0.100692087479968,-0.62588455821762,0.424500383257684,1
"394","group","Mt. Elektra-Vegetation Island",0,0.0256754831281815,-0.36417882104478,0.415529787301143,1
"395","group","Siegfried Peak-Vegetation Island",0,-0.0347220689157991,-0.496003902370205,0.426559764538606,1
"396","group","Linnaeus Terrace-Vegetation Island",0,0.00940625661848749,-0.370700147313654,0.389512660550629,1
"397","group","Finger Mt.-Vegetation Island",0,-0.0438031975584952,-0.445297499071943,0.357691103954952,1
"398","group","University Valley-Vegetation Island",0,-0.0317319009111305,-0.444951127124146,0.381487325301885,1
"399","group","Knobhead-Vegetation Island",0,-0.817779397729743,-1.58658245348709,-0.0489763419724002,0.0218603418205113
"400","group","Inexpressible Island-Mt. Larsen",0,0.482654252413049,-0.0686829918978796,1.03399149672398,0.197412662766347
"401","group","Mt. Billing-Mt. Larsen",0,0.371033589426438,-0.166518042159263,0.908585221012139,0.70895317425236
"402","group","Widowmaker Pass-Mt. Larsen",0,0.264977212921131,-0.330535073371181,0.860489499213443,0.998856162984811
"403","group","Trio Nunatak-Mt. Larsen",0,0.344771079668971,-0.198854774453985,0.888396933791928,0.851684563537907
"404","group","Unnamed Nunatak-Mt. Larsen",0,0.340230638968856,-0.235088887540911,0.915550165478624,0.926199298633726
"405","group","Harrow Peak-Mt. Larsen",0,-0.372388443247332,-1.21456999508173,0.469793108587065,0.998980460502733
"406","group","Mt. McGee-Mt. Larsen",0,0.191958849150947,-0.495679508442244,0.879597206744139,0.999999975281618
"407","group","Ricker Hills-Mt. Larsen",0,0.100014764862711,-0.461439603026887,0.661469132752309,1
"408","group","Mt. Bowen-Mt. Larsen",0,-0.372388443247331,-1.21456999508173,0.469793108587066,0.998980460502733
"409","group","Pudding Butte-Mt. Larsen",0,0.382557656706336,-0.142634814031316,0.907750127443988,0.592790757006828
"410","group","Starr Nunatak-Mt. Larsen",0,0.400338824617441,-0.174980701892326,0.975658351127209,0.692457948591717
"411","group","Richard Nunatak-Mt. Larsen",0,0.218330958409053,-0.469307399184139,0.905969316002244,0.999999288530223
"412","group","Schultz Peak-Mt. Larsen",0,0.278814246155876,-0.408824111437315,0.966452603749068,0.999810162396735
"413","group","Battleship Promontory-Mt. Larsen",0,0.438471928063135,-0.077256840131759,0.954200696258029,0.249065014466726
"414","group","Convoy Range-Mt. Larsen",0,0.344698867002446,-0.283026199430212,0.972423933435104,0.969459138977771
"415","group","Mt. Elektra-Mt. Larsen",0,0.471066437610595,-0.0487393012866872,0.990872176507878,0.14536182252651
"416","group","Siegfried Peak-Mt. Larsen",0,0.410668885566615,-0.164650640943153,0.985988412076382,0.638171730053423
"417","group","Linnaeus Terrace-Mt. Larsen",0,0.454797211100901,-0.0577381594039938,0.967332581605796,0.17585811623445
"418","group","Finger Mt.-Mt. Larsen",0,0.401587756923919,-0.127004053319237,0.930179567167075,0.494894910644073
"419","group","University Valley-Mt. Larsen",0,0.413659053571283,-0.123892578014418,0.951210685156984,0.464843834512127
"420","group","Knobhead-Mt. Larsen",0,-0.372388443247329,-1.21456999508173,0.469793108587068,0.998980460502733
"421","group","Mt. Billing-Inexpressible Island",0,-0.111620662986611,-0.458157822251466,0.234916496278244,0.999998981455441
"422","group","Widowmaker Pass-Inexpressible Island",0,-0.217677039491918,-0.648677189440851,0.213323110457015,0.990528848717106
"423","group","Trio Nunatak-Inexpressible Island",0,-0.137883172744078,-0.49376983363743,0.218003488149275,0.999926529580133
"424","group","Unnamed Nunatak-Inexpressible Island",0,-0.142423613444193,-0.545063407446636,0.260216180558251,0.999990332849541
"425","group","Harrow Peak-Inexpressible Island",0,-0.855042695660381,-1.59015902140829,-0.119926369912476,0.00523052060596385
"426","group","Mt. McGee-Inexpressible Island",0,-0.290695403262101,-0.84203264757303,0.260641841048827,0.982304388328221
"427","group","Ricker Hills-Inexpressible Island",0,-0.382639487550338,-0.765206152790809,-7.28223098672709e-05,0.0498822922447956
"428","group","Mt. Bowen-Inexpressible Island",0,-0.85504269566038,-1.59015902140828,-0.119926369912475,0.00523052060596296
"429","group","Pudding Butte-Inexpressible Island",0,-0.100096595706713,-0.427133867971551,0.226940676558125,0.999999719727529
"430","group","Starr Nunatak-Inexpressible Island",0,-0.0823154277956075,-0.484955221798051,0.320324366206836,0.999999999997117
"431","group","Richard Nunatak-Inexpressible Island",0,-0.264323294003996,-0.815660538314925,0.287013950306932,0.995830434704299
"432","group","Schultz Peak-Inexpressible Island",0,-0.203840006257173,-0.755177250568101,0.347497238053756,0.999973563378847
"433","group","Battleship Promontory-Inexpressible Island",0,-0.0441823243499141,-0.35579491792522,0.267430269225392,1
"434","group","Convoy Range-Inexpressible Island",0,-0.137955385410603,-0.612470933268406,0.336560162447201,0.999999926704951
"435","group","Mt. Elektra-Inexpressible Island",0,-0.0115878148024536,-0.329902521219635,0.306726891614727,1
"436","group","Siegfried Peak-Inexpressible Island",0,-0.0719853668464342,-0.474625160848877,0.330654427156009,1
"437","group","Linnaeus Terrace-Inexpressible Island",0,-0.0278570413121476,-0.334155510373775,0.278441427749479,1
"438","group","Finger Mt.-Inexpressible Island",0,-0.0810664954891303,-0.413535363185104,0.251402372206844,0.999999999434584
"439","group","University Valley-Inexpressible Island",0,-0.0689951988417656,-0.415532358106621,0.277541960423089,1
"440","group","Knobhead-Inexpressible Island",0,-0.855042695660378,-1.59015902140828,-0.119926369912473,0.00523052060596452
"441","group","Widowmaker Pass-Mt. Billing",0,-0.106056376505307,-0.519275602718323,0.307162849707709,0.999999997569501
"442","group","Trio Nunatak-Mt. Billing",0,-0.0262625097574666,-0.360394691772161,0.307869672257228,1
"443","group","Unnamed Nunatak-Mt. Billing",0,-0.0308029504575815,-0.414349301464093,0.35274340054893,1
"444","group","Harrow Peak-Mt. Billing",0,-0.74342203267377,-1.46825650483771,-0.018587560509828,0.0361659480728994
"445","group","Mt. McGee-Mt. Billing",0,-0.17907474027549,-0.716626371861191,0.358476891310211,0.999997671367796
"446","group","Ricker Hills-Mt. Billing",0,-0.271018824563727,-0.633436060645698,0.091398411518244,0.53199681006312
"447","group","Mt. Bowen-Mt. Billing",0,-0.743422032673769,-1.46825650483771,-0.0185875605098268,0.0361659480729
"448","group","Pudding Butte-Mt. Billing",0,0.0115240672798983,-0.29169594707685,0.314744081636646,1
"449","group","Starr Nunatak-Mt. Billing",0,0.0293052351910036,-0.354241115815508,0.412851586197515,1
"450","group","Richard Nunatak-Mt. Billing",0,-0.152702631017385,-0.690254262603086,0.384849000568316,0.999999960457387
"451","group","Schultz Peak-Mt. Billing",0,-0.0922193432705615,-0.629770974856262,0.445332288315139,1
"452","group","Battleship Promontory-Mt. Billing",0,0.067438338636697,-0.219077643693799,0.353954320967193,0.999999999796467
"453","group","Convoy Range-Mt. Billing",0,-0.0263347224239918,-0.484760294152786,0.432090849304803,1
"454","group","Mt. Elektra-Mt. Billing",0,0.100032848184157,-0.193758322509478,0.393824018877793,0.999996059110637
"455","group","Siegfried Peak-Mt. Billing",0,0.0396352961401769,-0.343911054866335,0.423181647146689,1
"456","group","Linnaeus Terrace-Mt. Billing",0,0.0837636216744635,-0.196963562270335,0.364490805619262,0.999999854945141
"457","group","Finger Mt.-Mt. Billing",0,0.0305541674974809,-0.278516289911705,0.339624624906667,1
"458","group","University Valley-Mt. Billing",0,0.0426254641448455,-0.281530366293905,0.366781294583596,1
"459","group","Knobhead-Mt. Billing",0,-0.743422032673767,-1.46825650483771,-0.0185875605098249,0.0361659480729015
"460","group","Trio Nunatak-Widowmaker Pass",0,0.0797938667478402,-0.341296909169358,0.500884642665039,1
"461","group","Unnamed Nunatak-Widowmaker Pass",0,0.0752534260477252,-0.38602840740668,0.536535259502131,1
"462","group","Harrow Peak-Widowmaker Pass",0,-0.637365656168463,-1.40616871192581,0.131437399588879,0.298699336101008
"463","group","Mt. McGee-Widowmaker Pass",0,-0.0730183637701836,-0.668530650062496,0.522493922522128,1
"464","group","Ricker Hills-Widowmaker Pass",0,-0.16496244805842,-0.608831099253729,0.278906203136888,0.999970318655258
"465","group","Mt. Bowen-Widowmaker Pass",0,-0.637365656168462,-1.4061687119258,0.131437399588881,0.298699336101011
"466","group","Pudding Butte-Widowmaker Pass",0,0.117580443785205,-0.279427747076336,0.514588634646746,0.999999880609015
"467","group","Starr Nunatak-Widowmaker Pass",0,0.13536161169631,-0.325920221758095,0.596643445150716,0.999999906296868
"468","group","Richard Nunatak-Widowmaker Pass",0,-0.0466462545120783,-0.64215854080439,0.548866031780234,1
"469","group","Schultz Peak-Widowmaker Pass",0,0.0138370332347453,-0.581675253057567,0.609349319527057,1
"470","group","Battleship Promontory-Widowmaker Pass",0,0.173494715142004,-0.210906812736668,0.557896243020675,0.99852049600353
"471","group","Convoy Range-Widowmaker Pass",0,0.0797216540813149,-0.445470816656337,0.604914124818967,1
"472","group","Mt. Elektra-Widowmaker Pass",0,0.206089224689464,-0.183765079483498,0.595943528862426,0.981649950688174
"473","group","Siegfried Peak-Widowmaker Pass",0,0.145691672645484,-0.315590160808922,0.606973506099889,0.999999376735174
"474","group","Linnaeus Terrace-Widowmaker Pass",0,0.18981999817977,-0.190286405752372,0.569926402111912,0.992023966551761
"475","group","Finger Mt.-Widowmaker Pass",0,0.136610544002788,-0.26488375751066,0.538104845516235,0.999996123406074
"476","group","University Valley-Widowmaker Pass",0,0.148681840650152,-0.264537385562864,0.561901066863168,0.999985682672824
"477","group","Knobhead-Widowmaker Pass",0,-0.63736565616846,-1.4061687119258,0.131437399588883,0.298699336101017
"478","group","Unnamed Nunatak-Trio Nunatak",0,-0.00454044070011494,-0.39655461904176,0.38747373764153,1
"479","group","Harrow Peak-Trio Nunatak",0,-0.717159522916303,-1.44651014140349,0.0121910955708856,0.0613221432048601
"480","group","Mt. McGee-Trio Nunatak",0,-0.152812230518024,-0.69643808464098,0.390813623604933,0.999999970195303
"481","group","Ricker Hills-Trio Nunatak",0,-0.24475631480626,-0.616123472292972,0.126610842680451,0.793902336945333
"482","group","Mt. Bowen-Trio Nunatak",0,-0.717159522916302,-1.44651014140349,0.0121910955708868,0.0613221432048612
"483","group","Pudding Butte-Trio Nunatak",0,0.0377865770373649,-0.276075956178964,0.351649110253694,1
"484","group","Starr Nunatak-Trio Nunatak",0,0.0555677449484702,-0.336446433393175,0.447581923290115,1
"485","group","Richard Nunatak-Trio Nunatak",0,-0.126440121259918,-0.670065975382875,0.417185732863038,0.999999999856264
"486","group","Schultz Peak-Trio Nunatak",0,-0.0659568335130949,-0.609582687636051,0.477669020609861,1
"487","group","Battleship Promontory-Trio Nunatak",0,0.0937008483941636,-0.204055294751992,0.39145699154032,0.999999431540011
"488","group","Convoy Range-Trio Nunatak",0,-7.22126665252398e-05,-0.465605581465516,0.465461156132465,1
"489","group","Mt. Elektra-Trio Nunatak",0,0.126295357941624,-0.178467770779685,0.431058486662934,0.999705518314943
"490","group","Siegfried Peak-Trio Nunatak",0,0.0658978058976435,-0.326116372444002,0.457911984239289,1
"491","group","Linnaeus Terrace-Trio Nunatak",0,0.11002613143193,-0.182163985539951,0.402216248403812,0.999960343534221
"492","group","Finger Mt.-Trio Nunatak",0,0.0568166772549474,-0.262701491701981,0.376334846211876,1
"493","group","University Valley-Trio Nunatak",0,0.068887973902312,-0.265244208112382,0.403020155917006,0.999999999996243
"494","group","Knobhead-Trio Nunatak",0,-0.7171595229163,-1.44651014140349,0.0121910955708887,0.0613221432048625
"495","group","Harrow Peak-Unnamed Nunatak",0,-0.712619082216188,-1.46588916193538,0.0406509975030014,0.0946321059976584
"496","group","Mt. McGee-Unnamed Nunatak",0,-0.148271789817909,-0.723591316327676,0.427047736691859,0.999999997270355
"497","group","Ricker Hills-Unnamed Nunatak",0,-0.240215874106145,-0.656601577477754,0.176169829265463,0.944139858639695
"498","group","Mt. Bowen-Unnamed Nunatak",0,-0.712619082216187,-1.46588916193538,0.0406509975030026,0.0946321059976608
"499","group","Pudding Butte-Unnamed Nunatak",0,0.0423270177374798,-0.32369644881826,0.40835048429322,1
"500","group","Starr Nunatak-Unnamed Nunatak",0,0.0601081856485851,-0.37479249764978,0.49500886894695,1
"501","group","Richard Nunatak-Unnamed Nunatak",0,-0.121899680559803,-0.697219207069571,0.453419845949964,0.999999999991142
"502","group","Schultz Peak-Unnamed Nunatak",0,-0.0614163928129799,-0.636735919322748,0.513903133696788,1
"503","group","Battleship Promontory-Unnamed Nunatak",0,0.0982412890942785,-0.254068530657859,0.450551108846416,0.999999976007906
"504","group","Convoy Range-Unnamed Nunatak",0,0.00446822803358971,-0.497711825112537,0.506648281179716,1
"505","group","Mt. Elektra-Unnamed Nunatak",0,0.130835798641739,-0.227415583687082,0.48908718097056,0.999979929886841
"506","group","Siegfried Peak-Unnamed Nunatak",0,0.0704382465977584,-0.364462436700607,0.505338929896124,1
"507","group","Linnaeus Terrace-Unnamed Nunatak",0,0.114566572132045,-0.233051828946712,0.462184973210802,0.999998207008522
"508","group","Finger Mt.-Unnamed Nunatak",0,0.0613571179550624,-0.309527430935961,0.432241666846086,1
"509","group","University Valley-Unnamed Nunatak",0,0.073428414602427,-0.310117936404085,0.456974765608939,1
"510","group","Knobhead-Unnamed Nunatak",0,-0.712619082216185,-1.46588916193537,0.0406509975030045,0.0946321059976626
"511","group","Mt. McGee-Harrow Peak",0,0.56434729239828,-0.277834259436118,1.40652884423268,0.765229907152453
"512","group","Ricker Hills-Harrow Peak",0,0.472403208110043,-0.27033110686338,1.21513752308347,0.847787999339376
"513","group","Mt. Bowen-Harrow Peak",0,1.22124532708767e-15,-0.97246749131625,0.972467491316253,1
"514","group","Pudding Butte-Harrow Peak",0,0.754946099953668,0.0392294054884276,1.47066279441891,0.0246468194141461
"515","group","Starr Nunatak-Harrow Peak",0,0.772727267864773,0.0194571881455837,1.52599734758396,0.0360792184291348
"516","group","Richard Nunatak-Harrow Peak",0,0.590719401656385,-0.251462150178012,1.43290095349078,0.675886345388457
"517","group","Schultz Peak-Harrow Peak",0,0.651202689403208,-0.190978862431189,1.49338424123761,0.45359897585251
"518","group","Battleship Promontory-Harrow Peak",0,0.810860371310467,0.102058976164723,1.51966176645621,0.00697212101994338
"519","group","Convoy Range-Harrow Peak",0,0.717087310249778,-0.0769290714733045,1.51110369197286,0.150100898233465
"520","group","Mt. Elektra-Harrow Peak",0,0.843454880857927,0.131681559071222,1.55522820264463,0.00374306403399005
"521","group","Siegfried Peak-Harrow Peak",0,0.783057328813947,0.0297872490947571,1.53632740853314,0.0301841396096415
"522","group","Linnaeus Terrace-Harrow Peak",0,0.827185654348233,0.120704400927224,1.53366690776924,0.00465175156511066
"523","group","Finger Mt.-Harrow Peak",0,0.773976200171251,0.0557613595609584,1.49219104078154,0.0180641385195924
"524","group","University Valley-Harrow Peak",0,0.786047496818615,0.0612130246546735,1.51088196898256,0.0164359308390236
"525","group","Knobhead-Harrow Peak",0,3.10862446895044e-15,-0.972467491316249,0.972467491316255,1
"526","group","Ricker Hills-Mt. McGee",0,-0.0919440842882366,-0.653398452177835,0.469510283601361,1
"527","group","Mt. Bowen-Mt. McGee",0,-0.564347292398278,-1.40652884423268,0.277834259436119,0.765229907152457
"528","group","Pudding Butte-Mt. McGee",0,0.190598807555389,-0.334593663182263,0.715791278293041,0.999982596295297
"529","group","Starr Nunatak-Mt. McGee",0,0.208379975466494,-0.366939551043274,0.783699501976262,0.999983356773494
"530","group","Richard Nunatak-Mt. McGee",0,0.0263721092581053,-0.661266248335086,0.714010466851297,1
"531","group","Schultz Peak-Mt. McGee",0,0.0868553970049288,-0.600782960588263,0.77449375459812,1
"532","group","Battleship Promontory-Mt. McGee",0,0.246513078912187,-0.269215689282706,0.762241847107081,0.996030727594949
"533","group","Convoy Range-Mt. McGee",0,0.152740017851498,-0.47498504858116,0.780465084284157,0.999999999467536
"534","group","Mt. Elektra-Mt. McGee",0,0.279107588459648,-0.240698150437635,0.79891332735693,0.977278824515854
"535","group","Siegfried Peak-Mt. McGee",0,0.218710036415667,-0.3566094900941,0.794029562925435,0.999951188326033
"536","group","Linnaeus Terrace-Mt. McGee",0,0.262838361949954,-0.249697008554941,0.775373732454849,0.988111804410366
"537","group","Finger Mt.-Mt. McGee",0,0.209628907772971,-0.318962902470185,0.738220718016127,0.999879786649424
"538","group","University Valley-Mt. McGee",0,0.221700204420336,-0.315851427165365,0.759251836006037,0.999732335131074
"539","group","Knobhead-Mt. McGee",0,-0.564347292398276,-1.40652884423267,0.277834259436121,0.765229907152463
"540","group","Mt. Bowen-Ricker Hills",0,-0.472403208110042,-1.21513752308346,0.270331106863381,0.847787999339379
"541","group","Pudding Butte-Ricker Hills",0,0.282542891843625,-0.0612762869529705,0.626362070640221,0.3169974648524
"542","group","Starr Nunatak-Ricker Hills",0,0.300324059754731,-0.116061643616878,0.716709763126339,0.615099954215344
"543","group","Richard Nunatak-Ricker Hills",0,0.118316193546342,-0.443138174343256,0.67977056143594,0.999999999992515
"544","group","Schultz Peak-Ricker Hills",0,0.178799481293165,-0.382654886596432,0.740253849182763,0.999999233240296
"545","group","Battleship Promontory-Ricker Hills",0,0.338457163200424,0.00927536125403994,0.667638965146808,0.0350031290546597
"546","group","Convoy Range-Ricker Hills",0,0.244684102139735,-0.241549643518391,0.730917847797861,0.991034517774299
"547","group","Mt. Elektra-Ricker Hills",0,0.371051672747884,0.0355185110791818,0.706584834416587,0.01215377007304
"548","group","Siegfried Peak-Ricker Hills",0,0.310654120703904,-0.105731582667705,0.727039824075513,0.537429364511761
"549","group","Linnaeus Terrace-Ricker Hills",0,0.35478244623819,0.0306266157994399,0.678938276676941,0.0142816938158454
"550","group","Finger Mt.-Ricker Hills",0,0.301572992061208,-0.0474166900856755,0.650562674208091,0.219515667613172
"551","group","University Valley-Ricker Hills",0,0.313644288708572,-0.0487729473733985,0.676061524790543,0.216903853370139
"552","group","Knobhead-Ricker Hills",0,-0.47240320811004,-1.21513752308346,0.270331106863383,0.847787999339385
"553","group","Pudding Butte-Mt. Bowen",0,0.754946099953667,0.0392294054884263,1.47066279441891,0.024646819414147
"554","group","Starr Nunatak-Mt. Bowen",0,0.772727267864772,0.0194571881455825,1.52599734758396,0.0360792184291368
"555","group","Richard Nunatak-Mt. Bowen",0,0.590719401656384,-0.251462150178013,1.43290095349078,0.675886345388461
"556","group","Schultz Peak-Mt. Bowen",0,0.651202689403207,-0.19097886243119,1.4933842412376,0.453598975852514
"557","group","Battleship Promontory-Mt. Bowen",0,0.810860371310466,0.102058976164721,1.51966176645621,0.00697212101994493
"558","group","Convoy Range-Mt. Bowen",0,0.717087310249777,-0.0769290714733057,1.51110369197286,0.150100898233467
"559","group","Mt. Elektra-Mt. Bowen",0,0.843454880857926,0.131681559071221,1.55522820264463,0.0037430640339895
"560","group","Siegfried Peak-Mt. Bowen",0,0.783057328813946,0.0297872490947558,1.53632740853314,0.0301841396096421
"561","group","Linnaeus Terrace-Mt. Bowen",0,0.827185654348232,0.120704400927222,1.53366690776924,0.00465175156511044
"562","group","Finger Mt.-Mt. Bowen",0,0.773976200171249,0.0557613595609572,1.49219104078154,0.0180641385195934
"563","group","University Valley-Mt. Bowen",0,0.786047496818614,0.0612130246546723,1.51088196898256,0.0164359308390236
"564","group","Knobhead-Mt. Bowen",0,1.88737914186277e-15,-0.97246749131625,0.972467491316254,1
"565","group","Starr Nunatak-Pudding Butte",0,0.0177811679111053,-0.348242298644635,0.383804634466845,1
"566","group","Richard Nunatak-Pudding Butte",0,-0.164226698297283,-0.689419169034935,0.360965772440369,0.999999515875339
"567","group","Schultz Peak-Pudding Butte",0,-0.10374341055046,-0.628935881288112,0.421449060187192,1
"568","group","Battleship Promontory-Pudding Butte",0,0.0559142713567987,-0.206681964012027,0.318510506725625,0.999999999989707
"569","group","Convoy Range-Pudding Butte",0,-0.0378587897038901,-0.481727440899199,0.406009861491418,1
"570","group","Mt. Elektra-Pudding Butte",0,0.0885087809042592,-0.182006702343202,0.35902426415172,0.999998500100362
"571","group","Siegfried Peak-Pudding Butte",0,0.0281112288602786,-0.337912237695461,0.394134695416019,1
"572","group","Linnaeus Terrace-Pudding Butte",0,0.0722395543945652,-0.184028130857882,0.328507239647013,0.999999967846625
"573","group","Finger Mt.-Pudding Butte",0,0.0190301002175826,-0.268006347541572,0.306066547976738,1
"574","group","University Valley-Pudding Butte",0,0.0311013968649472,-0.272118617491801,0.334321411221695,1
"575","group","Knobhead-Pudding Butte",0,-0.754946099953665,-1.47066279441891,-0.0392294054884245,0.0246468194141479
"576","group","Richard Nunatak-Starr Nunatak",0,-0.182007866208389,-0.757327392718156,0.393311660301379,0.999999350456876
"577","group","Schultz Peak-Starr Nunatak",0,-0.121524578461565,-0.696844104971333,0.453794948048203,0.999999999991946
"578","group","Battleship Promontory-Starr Nunatak",0,0.0381331034456934,-0.314176716306444,0.390442923197831,1
"579","group","Convoy Range-Starr Nunatak",0,-0.0556399576149954,-0.557820010761122,0.446540095531131,1
"580","group","Mt. Elektra-Starr Nunatak",0,0.0707276129931539,-0.287523769335667,0.428978995321975,1
"581","group","Siegfried Peak-Starr Nunatak",0,0.0103300609491733,-0.424570622349192,0.445230744247538,1
"582","group","Linnaeus Terrace-Starr Nunatak",0,0.0544583864834599,-0.293160014595297,0.402076787562217,1
"583","group","Finger Mt.-Starr Nunatak",0,0.00124893230647727,-0.369635616584546,0.372133481197501,1
"584","group","University Valley-Starr Nunatak",0,0.0133202289538419,-0.37022612205267,0.396866579960354,1
"585","group","Knobhead-Starr Nunatak",0,-0.77272726786477,-1.52599734758396,-0.0194571881455806,0.036079218429137
"586","group","Schultz Peak-Richard Nunatak",0,0.0604832877468235,-0.627155069846368,0.748121645340015,1
"587","group","Battleship Promontory-Richard Nunatak",0,0.220140969654082,-0.295587798540812,0.735869737848976,0.99947465580745
"588","group","Convoy Range-Richard Nunatak",0,0.126367908593393,-0.501357157839265,0.754092975026051,1
"589","group","Mt. Elektra-Richard Nunatak",0,0.252735479201542,-0.26707025969574,0.772541218098825,0.994760920071646
"590","group","Siegfried Peak-Richard Nunatak",0,0.192337927157562,-0.382981599352206,0.76765745366733,0.999997462111873
"591","group","Linnaeus Terrace-Richard Nunatak",0,0.236466252691849,-0.276069117813047,0.749001623196744,0.997820117219992
"592","group","Finger Mt.-Richard Nunatak",0,0.183256798514866,-0.34533501172829,0.711848608758022,0.999993954447883
"593","group","University Valley-Richard Nunatak",0,0.19532809516223,-0.34222353642347,0.732879726747931,0.999982096125936
"594","group","Knobhead-Richard Nunatak",0,-0.590719401656382,-1.43290095349078,0.251462150178015,0.675886345388467
"595","group","Battleship Promontory-Schultz Peak",0,0.159657681907258,-0.356071086287635,0.675386450102152,0.999999624864929
"596","group","Convoy Range-Schultz Peak",0,0.0658846208465697,-0.561840445586088,0.693609687279228,1
"597","group","Mt. Elektra-Schultz Peak",0,0.192252191454719,-0.327553547442563,0.712057930352001,0.999973347748103
"598","group","Siegfried Peak-Schultz Peak",0,0.131854639410738,-0.443464887099029,0.707174165920506,0.999999999906732
"599","group","Linnaeus Terrace-Schultz Peak",0,0.175982964945025,-0.33655240555987,0.68851833544992,0.999995188115544
"600","group","Finger Mt.-Schultz Peak",0,0.122773510768042,-0.405818299475114,0.651365321011198,0.999999999861963
"601","group","University Valley-Schultz Peak",0,0.134844807415407,-0.402706824170294,0.672396439001108,0.9999999987278
"602","group","Knobhead-Schultz Peak",0,-0.651202689403205,-1.4933842412376,0.190978862431192,0.453598975852521
"603","group","Convoy Range-Battleship Promontory",0,-0.0937730610606888,-0.52640270699153,0.338856584870153,0.999999999982328
"604","group","Mt. Elektra-Battleship Promontory",0,0.0325945095474605,-0.219055361704067,0.284244380798987,1
"605","group","Siegfried Peak-Battleship Promontory",0,-0.0278030424965201,-0.380112862248658,0.324506777255618,1
"606","group","Linnaeus Terrace-Battleship Promontory",0,0.0163252830377665,-0.219941848677482,0.252592414753015,1
"607","group","Finger Mt.-Battleship Promontory",0,-0.0368841711392162,-0.306214736368076,0.232446394089644,1
"608","group","University Valley-Battleship Promontory",0,-0.0248128744918515,-0.311328856822348,0.261703107838645,1
"609","group","Knobhead-Battleship Promontory",0,-0.810860371310464,-1.51966176645621,-0.102058976164719,0.00697212101994404
"610","group","Mt. Elektra-Convoy Range",0,0.126367570608149,-0.311114148307022,0.56384928952332,0.999999938269419
"611","group","Siegfried Peak-Convoy Range",0,0.0659700185641687,-0.436210034581958,0.568150071710295,1
"612","group","Linnaeus Terrace-Convoy Range",0,0.110098344098455,-0.318719512587822,0.538916200784733,0.999999997545503
"613","group","Finger Mt.-Convoy Range",0,0.0568888899214727,-0.390996754021889,0.504774533864834,1
"614","group","University Valley-Convoy Range",0,0.0689601865688373,-0.389465385159957,0.527385758297632,1
"615","group","Knobhead-Convoy Range",0,-0.717087310249775,-1.51110369197286,0.0769290714733076,0.150100898233471
"616","group","Siegfried Peak-Mt. Elektra",0,-0.0603975520439806,-0.418648934372802,0.29785383028484,1
"617","group","Linnaeus Terrace-Mt. Elektra",0,-0.016269226509694,-0.261308001758995,0.228769548739608,1
"618","group","Finger Mt.-Mt. Elektra",0,-0.0694786806866766,-0.346536070433322,0.207578709059968,0.999999998738758
"619","group","University Valley-Mt. Elektra",0,-0.057407384039312,-0.351198554732947,0.236383786654323,1
"620","group","Knobhead-Mt. Elektra",0,-0.843454880857924,-1.55522820264463,-0.131681559071219,0.00374306403398983
"621","group","Linnaeus Terrace-Siegfried Peak",0,0.0441283255342866,-0.30349007554447,0.391746726613043,1
"622","group","Finger Mt.-Siegfried Peak",0,-0.00908112864269606,-0.37996567753372,0.361803420248328,1
"623","group","University Valley-Siegfried Peak",0,0.00299016800466856,-0.380556183001843,0.38653651901118,1
"624","group","Knobhead-Siegfried Peak",0,-0.783057328813944,-1.53632740853313,-0.0297872490947539,0.0301841396096433
"625","group","Finger Mt.-Linnaeus Terrace",0,-0.0532094541769826,-0.316373465852714,0.209954557498749,1
"626","group","University Valley-Linnaeus Terrace",0,-0.041138157529618,-0.321865341474417,0.239589026415181,1
"627","group","Knobhead-Linnaeus Terrace",0,-0.82718565434823,-1.53366690776924,-0.12070440092722,0.00465175156510977
"628","group","University Valley-Finger Mt.",0,0.0120712966473646,-0.296999160761822,0.321141754056551,1
"629","group","Knobhead-Finger Mt.",0,-0.773976200171248,-1.49219104078154,-0.0557613595609553,0.0180641385195928
"630","group","Knobhead-University Valley",0,-0.786047496818612,-1.51088196898255,-0.0612130246546704,0.0164359308390246
